parametre,valeur,transfert_stock2020_mdeur
part de dette indexée,0.0,160.9
part de dette indexée,0.11,143.2
part de dette indexée,0.2,128.7
part de dette indexée,0.5,80.5
part de dette indexée,1.0,0.0
indice de prix : déflateur du PIB (anticipation IPCH SPF),,79.5
indice de prix : IPCH zone euro réalisé,,181.1
"anticipation Banque de France déc. 2020 (IPCH 0,5 / 0,8 / 1,0)",,165.2
"anticipation Commission automne 2020 (IPCH 0,9 / 1,5 ; 2023 = 1,5)",,139.7
"anticipation de marché : point mort France 10 ans au 31/12/2020 (0,86, plat)",,168.3
"anticipation de marché : point mort zone euro 10 ans au 31/12/2020 (1,16, plat)",,149.9
"déflateur du PIB réalisé contre déflateur prévu (Commission, automne 2020)",,92.4
anticipation 2021 décalée de -0.5 point,-0.5,172.9
anticipation 2021 décalée de +0.5 point,0.5,115.8
