situation	D_Md	D_fixe_Md	ATM	ATR_fixe	ATR_ocde	demi_vie	refixe_1	refixe_2	refixe_3	refixe_5	emission_MLT_Md	emission_maturite	h	M_h	ATR_fixe_aj	ATR_ocde_aj	ecart_E1	demi_vie_aj	refixe_1_aj	refixe_2_aj	refixe_3_aj	refixe_5_aj
2013-12-31	1457.2	1283.6	7.009	6.771	5.964	4.315	0.2163	0.3159	0.4068	0.5613												
2014-01-31	1454.2	1278.7	7.094	6.882	6.051	4.312	0.2121	0.2982	0.3914	0.5484	19.3	10.34										
2014-02-28	1478.1	1300.5	7.031	6.820	6.001	4.235	0.2121	0.3190	0.4057	0.5455	17.5	8.72										
2014-03-31	1502.2	1324.9	6.934	6.727	5.933	4.151	0.2156	0.3177	0.4048	0.5433	18.3	7.88										
2014-04-30	1497.1	1317.6	7.008	6.819	6.002	4.487	0.2176	0.3276	0.4185	0.5551	16.9	9.76										
2014-05-31	1516.0	1333.5	6.962	6.780	5.964	4.402	0.2152	0.3224	0.4149	0.5659	17.6	8.97										
2014-06-30	1535.8	1350.1	6.936	6.737	5.922	4.320	0.2124	0.3169	0.4112	0.5604	18.7	8.17										
2014-07-31	1525.1	1338.6	7.025	6.846	6.009	4.320	0.2145	0.3205	0.4093	0.5461	18.7	8.91										
2014-08-31	1523.8	1337.8	6.954	6.773	5.947	4.235	0.2155	0.3201	0.4089	0.5458	0.0											
2014-09-30	1528.2	1341.9	6.991	6.826	5.994	4.567	0.2030	0.3072	0.3978	0.5354	20.2	9.68										
2014-10-31	1519.2	1331.2	7.047	6.896	6.043	4.482	0.2068	0.3115	0.4059	0.5540	15.6	7.55										
2014-11-30	1537.5	1347.8	6.998	6.845	6.001	4.400	0.2152	0.3184	0.4041	0.5649	18.3	7.78										
2014-12-31	1527.6	1338.3	6.990	6.846	5.998	4.397	0.2077	0.3104	0.3968	0.5588	4.1	9.93										
2015-01-31	1530.0	1340.5	7.041	6.912	6.056	4.312	0.1936	0.2952	0.3839	0.5495	21.9	9.32										
2015-02-28	1542.7	1351.5	7.021	6.892	6.038	4.654	0.2079	0.3086	0.3775	0.5431	17.5	8.06										
2015-03-31	1562.6	1372.9	6.948	6.825	5.996	4.569	0.2056	0.3041	0.3749	0.5379	21.1	7.56	0.0315	8.20	6.567	5.770	0.258	4.151	0.2306	0.3260	0.3945	0.5524
2015-04-30	1558.4	1365.6	7.013	6.908	6.053	4.487	0.2137	0.3150	0.3821	0.5529	16.7	9.59	0.0357	7.83	6.628	5.808	0.280	4.487	0.2418	0.3394	0.4041	0.5688
2015-05-31	1572.7	1376.6	6.986	6.879	6.021	4.487	0.2073	0.3065	0.3922	0.5555	19.1	7.53	0.0399	7.81	6.568	5.748	0.311	4.402	0.2389	0.3342	0.4164	0.5732
2015-06-30	1584.9	1386.7	6.974	6.868	6.009	4.405	0.1998	0.2971	0.3849	0.5510	20.1	7.89	0.0440	7.82	6.523	5.708	0.344	4.320	0.2350	0.3280	0.4120	0.5707
2015-07-31	1570.7	1384.4	7.099	6.945	6.121	4.736	0.2053	0.2970	0.3723	0.5417	19.9	9.93	0.0485	7.92	6.561	5.783	0.384	4.235	0.2439	0.3311	0.4028	0.5639
2015-08-31	1574.1	1388.2	7.082	6.937	6.118	4.652	0.2035	0.2940	0.3691	0.5381	6.8	18.22	0.0519	7.86	6.529	5.758	0.408	4.151	0.2449	0.3307	0.4019	0.5620
2015-09-30	1589.3	1402.8	7.042	6.896	6.087	4.569	0.2013	0.2868	0.3647	0.5319	20.5	7.47	0.0555	7.84	6.461	5.703	0.435	4.068	0.2457	0.3264	0.4000	0.5579
2015-10-31	1579.6	1391.2	7.120	6.995	6.161	4.485	0.2025	0.2930	0.3683	0.5430	18.0	9.23	0.0604	7.82	6.523	5.745	0.472	4.068	0.2506	0.3357	0.4064	0.5706
2015-11-30	1584.0	1393.8	7.124	7.003	6.163	4.485	0.2017	0.2828	0.3760	0.5427	16.0	8.24	0.0648	7.80	6.498	5.717	0.506	3.986	0.2535	0.3293	0.4165	0.5723
2015-12-31	1576.4	1386.0	7.125	7.015	6.168	4.400	0.1942	0.2755	0.3693	0.5368	4.5	15.60	0.0689	7.73	6.482	5.699	0.533	4.318	0.2497	0.3255	0.4128	0.5688
2016-01-31	1596.1	1404.2	7.092	6.983	6.144	4.734	0.1908	0.2711	0.3636	0.5355	19.5	9.66	0.0719	7.68	6.431	5.658	0.552	4.233	0.2490	0.3234	0.4093	0.5689
2016-02-29	1588.6	1395.6	7.177	7.080	6.220	4.654	0.1894	0.2667	0.3523	0.5251	19.7	8.81	0.0760	7.68	6.496	5.707	0.584	4.153	0.2510	0.3225	0.4015	0.5612
2016-03-31	1611.2	1418.8	7.087	6.993	6.158	4.569	0.1903	0.2663	0.3505	0.5249	17.6	8.17	0.0787	7.65	6.391	5.628	0.602	4.068	0.2540	0.3240	0.4016	0.5622
2016-04-30	1604.9	1411.0	7.292	7.233	6.359	4.572	0.1928	0.2696	0.3529	0.5328	23.0	16.97	0.0854	7.66	6.579	5.784	0.654	4.068	0.2618	0.3320	0.4082	0.5727
2016-05-31	1624.7	1427.8	7.228	7.168	6.300	4.487	0.1903	0.2823	0.3669	0.5342	17.5	8.03	0.0910	7.67	6.471	5.686	0.698	3.984	0.2640	0.3476	0.4245	0.5766
2016-06-30	1638.6	1441.5	7.216	7.159	6.298	4.819	0.1862	0.2771	0.3609	0.5300	17.3	10.89	0.0960	7.65	6.424	5.652	0.734	3.901	0.2643	0.3465	0.4223	0.5751
2016-07-31	1624.3	1432.8	7.363	7.290	6.431	4.734	0.1812	0.2580	0.3443	0.5168	21.2	11.40	0.1024	7.70	6.502	5.736	0.788	4.235	0.2650	0.3339	0.4114	0.5663
2016-08-31	1623.7	1432.2	7.357	7.287	6.427	4.649	0.1758	0.2524	0.3388	0.5114	7.5	13.58	0.1064	7.69	6.469	5.706	0.818	4.151	0.2635	0.3320	0.4091	0.5634
2016-09-30	1636.2	1444.4	7.335	7.274	6.421	4.649	0.1718	0.2472	0.3352	0.5088	16.6	10.76	0.1111	7.74	6.414	5.662	0.860	4.068	0.2638	0.3308	0.4090	0.5633
2016-10-31	1624.6	1427.3	7.499	7.405	6.505	4.983	0.1780	0.2501	0.3485	0.5241	13.9	12.75	0.1182	7.79	6.484	5.696	0.921	3.984	0.2752	0.3388	0.4255	0.5804
2016-11-30	1626.7	1427.5	7.531	7.441	6.529	4.901	0.1685	0.2549	0.3578	0.5143	15.6	10.20	0.1241	7.73	6.481	5.688	0.959	3.986	0.2717	0.3474	0.4375	0.5746
2016-12-31	1620.6	1421.1	7.528	7.449	6.531	4.816	0.1620	0.2485	0.3519	0.5090	4.4	18.51	0.1294	7.68	6.455	5.660	0.993	3.901	0.2704	0.3457	0.4357	0.5725
2017-01-31	1648.8	1447.4	7.584	7.521	6.602	4.731	0.1611	0.2447	0.3462	0.5038	25.3	16.26	0.1334	7.66	6.499	5.705	1.022	3.817	0.2730	0.3455	0.4334	0.5700
2017-02-28	1650.8	1447.0	7.606	7.545	6.613	5.153	0.1623	0.2474	0.3404	0.4948	16.2	8.24	0.1392	7.65	6.480	5.680	1.065	3.740	0.2789	0.3522	0.4323	0.5651
2017-03-31	1673.9	1469.2	7.530	7.465	6.552	5.068	0.1656	0.2495	0.3436	0.4956	14.0	11.28	0.1433	7.63	6.372	5.592	1.093	3.655	0.2852	0.3570	0.4376	0.5678
2017-04-30	1663.0	1456.2	7.601	7.550	6.611	4.986	0.1688	0.2535	0.3555	0.5130	15.5	8.82	0.1492	7.65	6.409	5.612	1.142	3.573	0.2928	0.3649	0.4516	0.5857
2017-05-31	1691.1	1481.2	7.631	7.586	6.645	4.901	0.1820	0.2652	0.3694	0.5217	23.3	15.08	0.1514	7.65	6.428	5.630	1.159	3.488	0.3059	0.3765	0.4649	0.5941
2017-06-30	1700.7	1490.0	7.619	7.571	6.633	4.819	0.1768	0.2575	0.3626	0.5166	18.2	9.14	0.1553	7.64	6.385	5.594	1.186	3.819	0.3046	0.3728	0.4615	0.5916
2017-07-31	1682.9	1488.1	7.738	7.617	6.735	4.816	0.1639	0.2447	0.3526	0.5093	17.7	9.51	0.1609	7.75	6.369	5.632	1.247	3.734	0.2984	0.3662	0.4568	0.5882
2017-08-31	1687.2	1492.6	7.706	7.591	6.716	4.731	0.1612	0.2417	0.3493	0.5055	7.8	14.03	0.1642	7.73	6.322	5.593	1.269	3.650	0.2990	0.3663	0.4561	0.5867
2017-09-30	1703.9	1507.9	7.698	7.593	6.719	5.068	0.1573	0.2369	0.3434	0.4981	19.9	11.78	0.1670	7.73	6.302	5.577	1.291	3.567	0.2980	0.3643	0.4531	0.5819
2017-10-31	1680.2	1481.7	7.831	7.750	6.835	4.983	0.1519	0.2420	0.3460	0.5018	15.5	10.14	0.1739	7.79	6.396	5.640	1.355	3.565	0.2994	0.3738	0.4598	0.5885
2017-11-30	1691.6	1490.1	7.832	7.758	6.834	5.314	0.1620	0.2549	0.3564	0.4947	15.8	12.04	0.1773	7.79	6.377	5.617	1.381	3.483	0.3106	0.3870	0.4705	0.5843
2017-12-31	1686.1	1484.4	7.807	7.740	6.814	5.314	0.1571	0.2494	0.3513	0.4901	4.0	12.81	0.1819	7.76	6.329	5.572	1.411	3.398	0.3104	0.3859	0.4692	0.5828
2018-01-31	1710.0	1505.9	7.749	7.685	6.768	5.229	0.1578	0.2471	0.3476	0.4872	19.5	10.25	0.1809	7.70	6.292	5.541	1.393	3.313	0.3101	0.3833	0.4656	0.5800
2018-02-28	1708.9	1501.5	7.843	7.794	6.849	5.235	0.1578	0.2508	0.3383	0.4755	19.2	12.91	0.1826	7.67	6.393	5.618	1.401	3.655	0.3117	0.3876	0.4591	0.5713
2018-03-31	1724.9	1516.7	7.782	7.734	6.800	5.150	0.1575	0.2469	0.3335	0.4861	17.3	8.82	0.1825	7.61	6.345	5.579	1.389	3.570	0.3113	0.3844	0.4551	0.5799
2018-04-30	1718.4	1504.7	7.876	7.828	6.855	5.068	0.1600	0.2559	0.3459	0.4827	16.3	9.98	0.1848	7.60	6.424	5.625	1.404	3.488	0.3152	0.3934	0.4667	0.5783
2018-05-31	1720.9	1503.1	7.915	7.884	6.886	5.402	0.1571	0.2571	0.3557	0.4985	20.0	9.32	0.1860	7.62	6.467	5.648	1.417	3.901	0.3138	0.3953	0.4755	0.5918
2018-06-30	1741.9	1521.4	7.867	7.834	6.842	5.320	0.1535	0.2524	0.3513	0.4938	20.9	8.74	0.1854	7.58	6.429	5.615	1.405	3.819	0.3104	0.3909	0.4716	0.5877
2018-07-31	1752.2	1538.6	7.896	7.821	6.867	5.235	0.1492	0.2463	0.3468	0.4877	22.2	10.68	0.1865	7.54	6.414	5.632	1.406	3.734	0.3079	0.3869	0.4686	0.5832
2018-08-31	1751.2	1537.5	7.885	7.819	6.864	5.150	0.1438	0.2405	0.3411	0.4821	8.0	13.88	0.1886	7.47	6.410	5.627	1.409	3.650	0.3053	0.3838	0.4654	0.5798
2018-09-30	1771.6	1556.6	7.841	7.776	6.832	5.068	0.1429	0.2383	0.3401	0.4793	18.1	11.07	0.1885	7.41	6.379	5.604	1.397	3.567	0.3045	0.3819	0.4645	0.5775
2018-10-31	1759.6	1542.0	7.936	7.895	6.919	5.399	0.1516	0.2432	0.3501	0.4939	17.8	10.91	0.1906	7.40	6.485	5.683	1.410	3.565	0.3133	0.3874	0.4739	0.5904
2018-11-30	1760.1	1540.9	7.965	7.939	6.951	5.484	0.1535	0.2459	0.3368	0.4844	19.8	9.07	0.1911	7.38	6.529	5.716	1.410	3.483	0.3153	0.3900	0.4635	0.5829
2018-12-31	1756.4	1536.8	7.915	7.893	6.906	5.399	0.1498	0.2413	0.3324	0.4810	4.0	6.58	0.1924	7.31	6.486	5.676	1.407	3.398	0.3134	0.3873	0.4609	0.5809
2019-01-31	1771.0	1550.0	7.884	7.867	6.886	5.314	0.1449	0.2350	0.3253	0.4762	19.8	9.33	0.1908	7.23	6.488	5.678	1.380	3.732	0.3081	0.3810	0.4541	0.5762
2019-02-28	1785.8	1563.1	7.975	7.982	6.987	5.238	0.1498	0.2427	0.3178	0.4661	29.3	13.57	0.1892	7.20	6.619	5.794	1.362	3.655	0.3107	0.3860	0.4469	0.5671
2019-03-31	1798.1	1575.6	7.943	7.956	6.972	5.153	0.1480	0.2340	0.3100	0.4782	23.1	8.64	0.1879	7.12	6.619	5.799	1.338	3.984	0.3081	0.3779	0.4397	0.5762
2019-04-30	1790.3	1565.3	8.037	8.073	7.059	5.574	0.1467	0.2395	0.3248	0.4645	22.8	9.81	0.1881	7.11	6.736	5.889	1.338	3.901	0.3072	0.3826	0.4518	0.5653
2019-05-31	1792.6	1563.9	8.068	8.120	7.084	5.818	0.1472	0.2451	0.3344	0.4763	19.7	9.57	0.1873	7.16	6.779	5.914	1.341	3.984	0.3069	0.3865	0.4591	0.5744
2019-06-30	1814.2	1584.6	8.036	8.082	7.059	5.736	0.1470	0.2422	0.3322	0.4741	20.2	11.39	0.1844	7.08	6.776	5.918	1.306	3.901	0.3044	0.3820	0.4554	0.5711
2019-07-31	1828.0	1607.4	8.027	8.023	7.055	5.651	0.1462	0.2400	0.3307	0.4731	20.9	10.20	0.1831	7.05	6.732	5.920	1.291	3.817	0.3025	0.3791	0.4533	0.5696
2019-08-31	1836.0	1615.1	7.959	7.957	6.999	5.566	0.1473	0.2394	0.3292	0.4710	7.5	11.43	0.1823	6.98	6.684	5.880	1.273	3.732	0.3028	0.3780	0.4515	0.5674
2019-09-30	1853.9	1631.6	7.938	7.940	6.988	5.484	0.1453	0.2354	0.3241	0.4666	19.4	11.94	0.1806	6.92	6.690	5.888	1.250	3.650	0.2996	0.3734	0.4462	0.5630
2019-10-31	1831.3	1607.1	8.106	8.144	7.147	5.566	0.1408	0.2349	0.3265	0.4472	20.9	12.79	0.1824	6.98	6.871	6.030	1.273	3.984	0.2975	0.3745	0.4493	0.5480
2019-11-30	1826.0	1599.7	8.193	8.251	7.229	5.484	0.1395	0.2192	0.3112	0.4594	19.5	12.27	0.1825	7.01	6.972	6.108	1.279	3.901	0.2965	0.3617	0.4369	0.5581
2019-12-31	1822.8	1596.4	8.167	8.234	7.211	5.818	0.1360	0.2143	0.3065	0.4550	5.2	15.43	0.1824	6.95	6.966	6.101	1.268	3.817	0.2936	0.3576	0.4330	0.5544
2020-01-31	1837.9	1609.9	8.148	8.220	7.200	5.733	0.1300	0.2076	0.2990	0.4490	21.4	10.11	0.1837	6.90	6.953	6.090	1.268	4.148	0.2898	0.3532	0.4278	0.5502
2020-02-29	1848.5	1617.8	8.254	8.350	7.308	5.654	0.1354	0.2131	0.2907	0.4373	26.6	14.93	0.1833	6.89	7.087	6.202	1.263	4.068	0.2939	0.3574	0.4208	0.5405
2020-03-31	1872.7	1643.6	8.175	8.269	7.257	5.569	0.1371	0.2134	0.3128	0.4588	19.8	10.64	0.1852	6.91	6.990	6.135	1.279	3.984	0.2968	0.3591	0.4400	0.5590
2020-04-30	1895.5	1664.7	8.117	8.210	7.211	5.572	0.1554	0.2375	0.3146	0.4540	24.1	7.98	0.1916	7.04	6.861	6.026	1.348	3.901	0.3172	0.3836	0.4459	0.5586
2020-05-31	1929.6	1696.4	8.048	8.138	7.155	5.487	0.1687	0.2549	0.3393	0.4744	26.3	9.90	0.1933	7.13	6.759	5.942	1.379	3.817	0.3294	0.3990	0.4670	0.5760
2020-06-30	1981.0	1745.6	7.966	8.052	7.095	5.405	0.1741	0.2578	0.3411	0.4746	31.6	11.79	0.2004	7.24	6.600	5.816	1.452	3.734	0.3396	0.4066	0.4732	0.5799
2020-07-31	1991.9	1776.9	8.035	8.015	7.150	5.320	0.1735	0.2556	0.3369	0.4697	28.2	11.32	0.2066	7.33	6.501	5.799	1.514	3.650	0.3443	0.4094	0.4739	0.5793
2020-08-31	2004.1	1787.5	8.011	7.996	7.132	5.235	0.1686	0.2496	0.3304	0.4653	18.5	10.41	0.2104	7.33	6.454	5.756	1.542	3.565	0.3435	0.4075	0.4713	0.5778
2020-09-30	2015.5	1797.8	8.027	8.023	7.156	5.405	0.1618	0.2423	0.3239	0.4579	21.7	12.17	0.2169	7.34	6.432	5.737	1.591	3.483	0.3436	0.4066	0.4705	0.5755
2020-10-31	1995.3	1777.0	8.170	8.191	7.295	5.481	0.1617	0.2420	0.3291	0.4578	21.5	12.84	0.2234	7.41	6.535	5.820	1.656	3.565	0.3490	0.4113	0.4790	0.5789
2020-11-30	1998.8	1778.9	8.209	8.241	7.335	5.399	0.1508	0.2307	0.3196	0.4680	21.5	11.10	0.2267	7.51	6.540	5.821	1.701	3.483	0.3433	0.4051	0.4739	0.5886
2020-12-31	2001.0	1781.0	8.195	8.236	7.331	5.314	0.1482	0.2271	0.3159	0.4641	8.0	18.94	0.2308	7.47	6.513	5.797	1.723	3.398	0.3448	0.4055	0.4738	0.5878
2021-01-31	2032.4	1810.4	8.323	8.387	7.471	5.229	0.1456	0.2232	0.3106	0.4585	29.8	21.97	0.2335	7.45	6.648	5.922	1.739	3.313	0.3451	0.4046	0.4715	0.5849
2021-02-28	2033.5	1809.2	8.367	8.441	7.510	5.235	0.1482	0.2200	0.3030	0.4677	21.0	10.35	0.2376	7.48	6.663	5.928	1.778	3.236	0.3506	0.4053	0.4686	0.5942
2021-03-31	2064.0	1845.2	8.364	8.413	7.522	5.150	0.1489	0.2406	0.3253	0.4674	29.8	13.17	0.2404	7.46	6.620	5.919	1.793	3.151	0.3535	0.4232	0.4875	0.5954
2021-04-30	2051.1	1829.8	8.458	8.525	7.605	5.572	0.1553	0.2281	0.3093	0.4768	21.8	9.84	0.2472	7.55	6.658	5.939	1.867	3.573	0.3641	0.4189	0.4801	0.6061
2021-05-31	2057.5	1830.5	8.492	8.566	7.621	5.487	0.1596	0.2411	0.3189	0.4894	23.5	9.51	0.2506	7.62	6.655	5.921	1.910	3.488	0.3702	0.4313	0.4896	0.6174
2021-06-30	2084.4	1854.0	8.491	8.568	7.620	5.405	0.1579	0.2378	0.3146	0.4846	23.9	14.25	0.2539	7.56	6.647	5.912	1.920	3.406	0.3717	0.4313	0.4886	0.6154
2021-07-31	2110.9	1885.6	8.506	8.554	7.641	5.320	0.1552	0.2337	0.3120	0.4809	31.9	12.28	0.2577	7.54	6.610	5.905	1.944	3.321	0.3729	0.4312	0.4893	0.6147
2021-08-31	2126.3	1899.2	8.426	8.474	7.569	5.487	0.1532	0.2311	0.3103	0.4794	15.3	7.50	0.2608	7.50	6.518	5.822	1.956	3.236	0.3740	0.4316	0.4902	0.6151
2021-09-30	2147.5	1918.6	8.372	8.423	7.525	5.405	0.1516	0.2288	0.3088	0.4762	19.4	10.68	0.2646	7.48	6.445	5.758	1.978	3.154	0.3761	0.4329	0.4917	0.6148
2021-10-31	2131.1	1899.0	8.476	8.544	7.614	5.563	0.1526	0.2347	0.2919	0.4650	18.5	11.70	0.2693	7.52	6.519	5.809	2.025	3.398	0.3808	0.4408	0.4826	0.6090
2021-11-30	2151.2	1916.6	8.432	8.506	7.578	5.481	0.1500	0.2305	0.3091	0.4811	21.6	10.38	0.2713	7.44	6.486	5.779	2.020	3.316	0.3806	0.4393	0.4966	0.6219
2021-12-31	2145.1	1908.8	8.414	8.497	7.560	5.396	0.1447	0.2247	0.3037	0.4764	5.0	14.66	0.2757	7.41	6.455	5.744	2.042	3.231	0.3805	0.4385	0.4957	0.6207
2022-01-31	2166.8	1927.1	8.382	8.472	7.535	5.311	0.1409	0.2196	0.2978	0.4715	24.1	10.73	0.2795	7.32	6.426	5.715	2.046	3.146	0.3810	0.4377	0.4941	0.6192
2022-02-28	2179.0	1933.4	8.437	8.504	7.545	5.654	0.1367	0.2255	0.2921	0.4778	25.2	9.96	0.2802	7.30	6.459	5.731	2.045	3.069	0.3786	0.4424	0.4904	0.6241
2022-03-31	2209.5	1961.2	8.381	8.446	7.497	5.569	0.1560	0.2454	0.3138	0.4767	25.0	11.02	0.2801	7.23	6.421	5.699	2.025	2.984	0.3924	0.4567	0.5060	0.6233
2022-04-30	2189.2	1937.0	8.518	8.606	7.615	5.487	0.1391	0.2243	0.2955	0.4627	22.5	11.40	0.2839	7.30	6.533	5.780	2.073	3.069	0.3836	0.4446	0.4955	0.6153
2022-05-31	2188.7	1929.5	8.577	8.685	7.656	5.402	0.1465	0.2279	0.3043	0.4720	25.2	9.52	0.2852	7.35	6.588	5.807	2.097	2.984	0.3900	0.4481	0.5027	0.6226
2022-06-30	2219.8	1952.5	8.532	8.624	7.585	5.656	0.1438	0.2243	0.3013	0.4670	24.9	9.21	0.2824	7.29	6.566	5.775	2.058	3.321	0.3856	0.4434	0.4986	0.6176
2022-07-31	2226.7	1980.1	8.600	8.599	7.647	5.818	0.1417	0.2210	0.2988	0.4623	27.9	12.31	0.2833	7.25	6.546	5.821	2.053	3.236	0.3849	0.4417	0.4975	0.6146
2022-08-31	2236.9	1987.0	8.534	8.537	7.583	5.733	0.1386	0.2177	0.2963	0.4592	12.0	7.59	0.2838	7.18	6.499	5.773	2.038	3.151	0.3831	0.4397	0.4961	0.6127
2022-09-30	2257.8	2005.8	8.515	8.523	7.572	5.651	0.1330	0.2113	0.2892	0.4519	27.5	10.55	0.2829	7.11	6.511	5.785	2.012	3.069	0.3783	0.4345	0.4903	0.6070
2022-10-31	2246.9	1991.8	8.607	8.630	7.650	5.566	0.1382	0.1945	0.2902	0.4673	22.5	11.09	0.2845	7.16	6.592	5.843	2.038	3.069	0.3833	0.4236	0.4921	0.6188
2022-11-30	2266.6	2007.9	8.563	8.585	7.605	5.484	0.1361	0.2112	0.3058	0.4626	18.0	11.22	0.2822	7.12	6.576	5.826	2.009	2.987	0.3799	0.4337	0.5017	0.6142
2022-12-31	2277.8	2015.6	8.497	8.522	7.541	5.399	0.1364	0.2112	0.3055	0.4617	6.1	16.68	0.2809	7.04	6.545	5.791	1.977	2.902	0.3790	0.4328	0.5006	0.6129
2023-01-31	2297.6	2033.2	8.493	8.528	7.546	5.314	0.1316	0.2057	0.3011	0.4559	25.0	12.81	0.2783	6.97	6.589	5.831	1.939	3.069	0.3733	0.4268	0.4956	0.6073
2023-02-28	2319.2	2053.5	8.511	8.557	7.577	5.741	0.1407	0.2143	0.3153	0.4687	30.5	12.33	0.2756	6.95	6.641	5.880	1.916	2.992	0.3775	0.4308	0.5040	0.6151
2023-03-31	2329.0	2061.8	8.531	8.588	7.602	5.656	0.1505	0.2263	0.3037	0.4610	29.6	9.88	0.2742	7.01	6.665	5.901	1.922	3.069	0.3834	0.4384	0.4946	0.6088
2023-04-30	2352.1	2080.6	8.491	8.549	7.563	5.574	0.1472	0.2223	0.3203	0.4573	22.7	10.45	0.2707	6.94	6.670	5.900	1.880	2.987	0.3781	0.4329	0.5044	0.6042
2023-05-31	2347.2	2071.1	8.565	8.640	7.624	5.489	0.1512	0.2303	0.3314	0.4759	21.7	12.46	0.2705	7.02	6.741	5.948	1.900	2.984	0.3808	0.4385	0.5123	0.6177
2023-06-30	2383.8	2100.7	8.497	8.561	7.544	5.407	0.1520	0.2300	0.3297	0.4742	23.3	10.40	0.2656	6.94	6.719	5.921	1.842	2.902	0.3772	0.4345	0.5078	0.6138
2023-07-31	2389.4	2126.3	8.515	8.495	7.560	5.322	0.1513	0.2284	0.3269	0.4737	23.3	10.47	0.2658	6.89	6.665	5.931	1.831	2.817	0.3768	0.4334	0.5058	0.6135
2023-08-31	2410.4	2147.0	8.458	8.437	7.515	5.489	0.1499	0.2260	0.3235	0.4707	21.1	10.24	0.2642	6.80	6.640	5.914	1.797	2.732	0.3745	0.4305	0.5023	0.6105
2023-09-30	2426.8	2162.4	8.430	8.411	7.494	5.407	0.1453	0.2194	0.3343	0.4668	26.1	9.31	0.2632	6.72	6.642	5.918	1.769	2.984	0.3702	0.4249	0.5095	0.6071
2023-10-31	2411.3	2142.9	8.513	8.516	7.568	5.484	0.1266	0.2145	0.3185	0.4536	25.9	9.15	0.2630	6.76	6.738	5.988	1.778	3.069	0.3563	0.4211	0.4977	0.5973
2023-11-30	2426.4	2156.2	8.531	8.539	7.588	5.402	0.1417	0.2253	0.3311	0.4759	25.1	13.34	0.2594	6.70	6.802	6.044	1.737	2.987	0.3644	0.4263	0.5046	0.6118
2023-12-31	2430.0	2158.6	8.454	8.464	7.519	5.317	0.1416	0.2242	0.3299	0.4749	4.3	8.28	0.2571	6.61	6.764	6.008	1.700	2.902	0.3623	0.4237	0.5022	0.6099
2024-01-31	2463.1	2190.6	8.442	8.460	7.524	5.232	0.1397	0.2209	0.3250	0.4706	32.0	13.42	0.2514	6.54	6.816	6.061	1.645	3.069	0.3560	0.4168	0.4948	0.6037
2024-02-29	2463.7	2187.8	8.485	8.518	7.564	5.235	0.1370	0.2291	0.3315	0.4798	25.5	10.28	0.2492	6.55	6.886	6.115	1.631	3.233	0.3520	0.4212	0.4981	0.6094
2024-03-31	2477.8	2200.9	8.576	8.626	7.662	5.150	0.1451	0.2156	0.3174	0.4703	39.9	13.07	0.2456	6.61	7.003	6.221	1.623	3.483	0.3551	0.4082	0.4850	0.6004
2024-04-30	2506.8	2226.3	8.522	8.570	7.611	5.068	0.1439	0.2335	0.3154	0.4858	24.4	10.71	0.2422	6.54	6.987	6.205	1.583	3.400	0.3513	0.4191	0.4812	0.6104
2024-05-31	2509.4	2220.8	8.590	8.640	7.646	4.983	0.1485	0.2424	0.3203	0.5021	26.9	10.37	0.2415	6.62	7.040	6.231	1.599	3.400	0.3542	0.4254	0.4844	0.6223
2024-06-30	2544.0	2251.3	8.510	8.556	7.571	4.901	0.1489	0.2415	0.3183	0.5007	25.1	9.67	0.2378	6.56	6.996	6.191	1.560	3.318	0.3512	0.4219	0.4804	0.6194
2024-07-31	2556.2	2278.7	8.513	8.497	7.575	5.320	0.1480	0.2395	0.3170	0.4987	25.4	10.72	0.2365	6.54	6.950	6.195	1.547	3.233	0.3495	0.4194	0.4786	0.6173
2024-08-31	2579.3	2299.0	8.469	8.456	7.537	5.235	0.1459	0.2366	0.3142	0.4955	22.1	11.57	0.2342	6.45	6.944	6.190	1.512	3.149	0.3460	0.4154	0.4749	0.6137
2024-09-30	2602.3	2319.4	8.436	8.423	7.507	5.153	0.1427	0.2523	0.3224	0.4909	27.0	10.16	0.2320	6.37	6.944	6.189	1.479	3.066	0.3416	0.4258	0.4796	0.6090
2024-10-31	2612.4	2326.8	8.420	8.411	7.492	5.068	0.1529	0.2430	0.3414	0.4857	27.0	8.79	0.2304	6.30	6.960	6.199	1.451	3.318	0.3480	0.4174	0.4932	0.6042
2024-11-30	2605.2	2317.0	8.483	8.490	7.551	5.238	0.1560	0.2442	0.3279	0.4945	29.4	9.69	0.2303	6.41	7.013	6.237	1.477	3.483	0.3504	0.4182	0.4827	0.6109
2024-12-31	2601.6	2312.6	8.466	8.480	7.538	5.153	0.1545	0.2403	0.3241	0.4911	5.8	24.00	0.2298	6.33	7.026	6.245	1.455	3.398	0.3488	0.4149	0.4795	0.6080
2025-01-31	2635.9	2344.9	8.461	8.478	7.542	5.068	0.1504	0.2350	0.3192	0.4846	37.0	12.03	0.2267	6.25	7.062	6.282	1.417	3.313	0.3430	0.4084	0.4735	0.6014
2025-02-28	2654.0	2359.5	8.532	8.564	7.614	5.235	0.1566	0.2428	0.3288	0.4949	29.9	13.51	0.2226	6.24	7.175	6.378	1.390	3.570	0.3444	0.4113	0.4782	0.6073
2025-03-31	2641.3	2357.6	8.609	8.611	7.686	5.150	0.1428	0.2286	0.3147	0.4848	72.9	9.46	0.2149	6.41	7.233	6.456	1.378	3.655	0.3270	0.3943	0.4620	0.5955
2025-04-30	2683.1	2393.2	8.564	8.549	7.625	5.068	0.1600	0.2270	0.3119	0.4813	31.2	10.71	0.2113	6.33	7.210	6.431	1.339	3.573	0.3376	0.3904	0.4573	0.5909
2025-05-31	2680.7	2387.0	8.638	8.635	7.689	5.487	0.1610	0.2301	0.3234	0.4949	33.3	10.37	0.2036	6.47	7.318	6.516	1.317	3.740	0.3318	0.3868	0.4612	0.5978
2025-06-30	2702.1	2404.5	8.593	8.595	7.649	5.405	0.1573	0.2250	0.3177	0.4915	25.6	9.44	0.2019	6.39	7.305	6.501	1.290	3.658	0.3274	0.3815	0.4555	0.5942
2025-07-31	2727.3	2427.9	8.538	8.543	7.605	5.320	0.1550	0.2213	0.3131	0.4881	27.0	9.70	0.2010	6.31	7.274	6.476	1.268	3.734	0.3248	0.3779	0.4512	0.5910
2025-08-31	2744.9	2442.8	8.482	8.485	7.551	5.235	0.1520	0.2175	0.3087	0.4853	21.0	8.66	0.2007	6.23	7.236	6.439	1.250	3.650	0.3222	0.3745	0.4475	0.5886
2025-09-30	2757.1	2453.7	8.468	8.478	7.545	5.153	0.1587	0.2285	0.3166	0.4791	25.8	10.29	0.2008	6.14	7.245	6.448	1.233	3.567	0.3276	0.3834	0.4538	0.5837
2025-10-31	2760.9	2455.5	8.469	8.485	7.546	5.320	0.1499	0.2449	0.3097	0.4730	23.1	9.54	0.1978	6.18	7.263	6.459	1.222	3.483	0.3181	0.3942	0.4462	0.5772
2025-11-30	2751.4	2445.2	8.506	8.533	7.583	5.238	0.1515	0.2316	0.3238	0.4864	24.6	8.73	0.1943	6.29	7.311	6.498	1.222	3.483	0.3163	0.3809	0.4551	0.5862
2025-12-31	2737.1	2430.5	8.497	8.533	7.577	5.396	0.1454	0.2249	0.3176	0.4812	5.1	15.22	0.1949	6.22	7.321	6.501	1.212	3.398	0.3119	0.3760	0.4506	0.5823
2026-01-31	2780.4	2472.3	8.455	8.496	7.554	5.311	0.1446	0.2227	0.3153	0.4784	37.8	11.93	0.1919	6.13	7.319	6.508	1.177	3.313	0.3087	0.3718	0.4467	0.5784
2026-02-28	2788.5	2477.8	8.545	8.606	7.647	5.235	0.1493	0.2301	0.3273	0.4853	37.5	13.18	0.1834	6.31	7.449	6.619	1.157	3.740	0.3053	0.3713	0.4507	0.5797
2026-03-31	2803.8	2505.2	8.503	8.525	7.617	5.150	0.1486	0.2282	0.3244	0.4848	25.9	8.84	0.1808	6.27	7.392	6.605	1.134	3.907	0.3025	0.3677	0.4465	0.5780
2026-04-30	2826.2	2523.3	8.503	8.528	7.614	5.068	0.1393	0.2181	0.3313	0.4774	39.4	8.72	0.1758	6.33	7.415	6.620	1.113	3.825	0.2906	0.3556	0.4488	0.5692
2026-05-31	2830.1	2521.1	8.542	8.578	7.642	5.487	0.1427	0.2312	0.3411	0.4941	32.6	9.41	0.1689	6.54	7.474	6.658	1.104	3.984	0.2875	0.3610	0.4524	0.5796
2026-06-30	2857.5	2546.9	8.487	8.516	7.590	5.405	0.1416	0.2280	0.3367	0.4898	28.0	9.27	0.1672	6.46	7.437	6.628	1.080	3.901	0.2851	0.3570	0.4476	0.5751
2026-07-31	2881.9	2569.2	8.442	8.469	7.550	5.320	0.1394	0.2224	0.3303	0.4848	31.4	8.68										
2026-08-31	2903.8	2589.8	8.384	8.409	7.500	5.235	0.1368	0.2175	0.3245	0.4807	28.9	7.92										
