annee	taux_reference_moyen	rendement_comptable_A71	temoin_millesime_10ans	B_moyen_Md	C_Meur	solde_partage_total_Meur	solde_partage_titres_Meur
2015	0.050		0.763	45.0		-71	
2016	0.010	0.864	0.725	154.9	1323	-321	
2017	0.000	0.680	0.680	273.4	1860	-521	
2018	0.000	0.721	0.701	344.6	2484	-566	
2019	0.000	0.593	0.698	362.6	2149	-740	
2020	0.000	0.381	0.559	443.8	1689	-824	
2021	0.000	0.469	0.372	604.1	2833	-627	
2022	0.579	0.843	0.356	699.2	1851	-94	
2023	3.808	0.599	0.403	698.4	-22407	2159	-1059
2024	4.132	0.604	0.423	655.6	-23129	3262	-1636
2025	2.259	0.666	0.429	587.6	-9361	1276	-834
