situation	h	D_fixe_Md	PIB_Md	S_m_1_Md	S_c_1_Md	S_m_1_pPIB	S_c_1_pPIB	S_m_2_Md	S_c_2_Md	S_m_2_pPIB	S_c_2_pPIB	S_m_3_Md	S_c_3_Md	S_m_3_pPIB	S_c_3_pPIB	S_m_5_Md	S_c_5_Md	S_m_5_pPIB	S_c_5_pPIB	S_idx_Md	rapport_1
2015-03-31	0.0315	1372.9	2201	2.82	3.17	0.128	0.144	4.17	4.48	0.190	0.203	5.15	5.42	0.234	0.246	7.38	7.58	0.335	0.345	0.06	1.124
2015-04-30	0.0357	1365.6	2201	2.92	3.30	0.133	0.150	4.30	4.64	0.195	0.211	5.22	5.52	0.237	0.251	7.55	7.77	0.343	0.353	0.07	1.130
2015-05-31	0.0399	1376.6	2201	2.85	3.29	0.130	0.149	4.22	4.60	0.192	0.209	5.40	5.73	0.245	0.260	7.65	7.89	0.347	0.358	0.08	1.154
2015-06-30	0.0440	1386.7	2201	2.77	3.26	0.126	0.148	4.12	4.55	0.187	0.207	5.34	5.71	0.242	0.260	7.64	7.91	0.347	0.360	0.09	1.177
2015-07-31	0.0485	1384.4	2201	2.84	3.38	0.129	0.153	4.11	4.58	0.187	0.208	5.15	5.58	0.234	0.253	7.50	7.81	0.341	0.355	0.09	1.190
2015-08-31	0.0519	1388.2	2201	2.82	3.40	0.128	0.154	4.08	4.59	0.185	0.209	5.12	5.58	0.233	0.253	7.47	7.80	0.339	0.354	0.10	1.206
2015-09-30	0.0555	1402.8	2201	2.82	3.45	0.128	0.157	4.02	4.58	0.183	0.208	5.12	5.61	0.232	0.255	7.46	7.83	0.339	0.355	0.10	1.223
2015-10-31	0.0604	1391.2	2201	2.82	3.49	0.128	0.158	4.08	4.67	0.185	0.212	5.12	5.65	0.233	0.257	7.55	7.94	0.343	0.361	0.11	1.238
2015-11-30	0.0648	1393.8	2201	2.81	3.53	0.128	0.160	3.94	4.59	0.179	0.208	5.24	5.80	0.238	0.264	7.56	7.98	0.344	0.362	0.12	1.256
2015-12-31	0.0689	1386.0	2201	2.69	3.46	0.122	0.157	3.82	4.51	0.173	0.205	5.12	5.72	0.233	0.260	7.44	7.88	0.338	0.358	0.13	1.286
2016-01-31	0.0719	1404.2	2232	2.68	3.50	0.120	0.157	3.81	4.54	0.171	0.204	5.11	5.75	0.229	0.258	7.52	7.99	0.337	0.358	0.14	1.306
2016-02-29	0.0760	1395.6	2232	2.64	3.50	0.118	0.157	3.72	4.50	0.167	0.202	4.92	5.60	0.220	0.251	7.33	7.83	0.328	0.351	0.15	1.326
2016-03-31	0.0787	1418.8	2232	2.70	3.60	0.121	0.161	3.78	4.60	0.169	0.206	4.97	5.70	0.223	0.255	7.45	7.98	0.334	0.357	0.15	1.333
2016-04-30	0.0854	1411.0	2232	2.72	3.69	0.122	0.165	3.80	4.68	0.170	0.210	4.98	5.76	0.223	0.258	7.52	8.08	0.337	0.362	0.17	1.357
2016-05-31	0.0910	1427.8	2232	2.72	3.77	0.122	0.169	4.03	4.96	0.181	0.222	5.24	6.06	0.235	0.272	7.63	8.23	0.342	0.369	0.18	1.386
2016-06-30	0.0960	1441.5	2232	2.68	3.81	0.120	0.171	3.99	4.99	0.179	0.224	5.20	6.09	0.233	0.273	7.64	8.29	0.342	0.371	0.19	1.422
2016-07-31	0.1024	1432.8	2232	2.60	3.80	0.116	0.170	3.70	4.79	0.166	0.214	4.93	5.90	0.221	0.264	7.40	8.11	0.332	0.364	0.20	1.462
2016-08-31	0.1064	1432.2	2232	2.52	3.77	0.113	0.169	3.61	4.75	0.162	0.213	4.85	5.86	0.217	0.263	7.32	8.07	0.328	0.362	0.20	1.496
2016-09-30	0.1111	1444.4	2232	2.48	3.81	0.111	0.171	3.57	4.78	0.160	0.214	4.84	5.91	0.217	0.265	7.35	8.14	0.329	0.365	0.21	1.536
2016-10-31	0.1182	1427.3	2232	2.54	3.93	0.114	0.176	3.57	4.83	0.160	0.217	4.97	6.07	0.223	0.272	7.48	8.28	0.335	0.371	0.23	1.547
2016-11-30	0.1241	1427.5	2232	2.41	3.88	0.108	0.174	3.64	4.96	0.163	0.222	5.11	6.25	0.229	0.280	7.34	8.20	0.329	0.368	0.25	1.610
2016-12-31	0.1294	1421.1	2232	2.30	3.84	0.103	0.172	3.53	4.91	0.158	0.220	5.00	6.19	0.224	0.277	7.23	8.14	0.324	0.365	0.26	1.670
2017-01-31	0.1334	1447.4	2292	2.33	3.95	0.102	0.172	3.54	5.00	0.155	0.218	5.01	6.27	0.219	0.274	7.29	8.25	0.318	0.360	0.27	1.695
2017-02-28	0.1392	1447.0	2292	2.35	4.04	0.102	0.176	3.58	5.10	0.156	0.222	4.93	6.25	0.215	0.273	7.16	8.18	0.312	0.357	0.28	1.719
2017-03-31	0.1433	1469.2	2292	2.43	4.19	0.106	0.183	3.67	5.25	0.160	0.229	5.05	6.43	0.220	0.281	7.28	8.34	0.318	0.364	0.29	1.724
2017-04-30	0.1492	1456.2	2292	2.46	4.26	0.107	0.186	3.69	5.31	0.161	0.232	5.18	6.58	0.226	0.287	7.47	8.53	0.326	0.372	0.31	1.732
2017-05-31	0.1514	1481.2	2292	2.70	4.53	0.118	0.198	3.93	5.58	0.171	0.243	5.47	6.89	0.239	0.300	7.73	8.80	0.337	0.384	0.32	1.678
2017-06-30	0.1553	1490.0	2292	2.63	4.54	0.115	0.198	3.84	5.55	0.167	0.242	5.40	6.88	0.236	0.300	7.70	8.82	0.336	0.385	0.33	1.726
2017-07-31	0.1609	1488.1	2292	2.44	4.44	0.106	0.194	3.64	5.45	0.159	0.238	5.25	6.80	0.229	0.297	7.58	8.75	0.331	0.382	0.31	1.820
2017-08-31	0.1642	1492.6	2292	2.41	4.46	0.105	0.195	3.61	5.47	0.157	0.239	5.21	6.81	0.228	0.297	7.55	8.76	0.329	0.382	0.32	1.851
2017-09-30	0.1670	1507.9	2292	2.37	4.49	0.104	0.196	3.57	5.49	0.156	0.240	5.18	6.83	0.226	0.298	7.51	8.77	0.328	0.383	0.33	1.895
2017-10-31	0.1739	1481.7	2292	2.25	4.44	0.098	0.194	3.59	5.54	0.156	0.242	5.13	6.81	0.224	0.297	7.44	8.72	0.324	0.380	0.35	1.973
2017-11-30	0.1773	1490.1	2292	2.41	4.63	0.105	0.202	3.80	5.77	0.166	0.252	5.31	7.01	0.232	0.306	7.37	8.71	0.322	0.380	0.36	1.921
2017-12-31	0.1819	1484.4	2292	2.33	4.61	0.102	0.201	3.70	5.73	0.162	0.250	5.21	6.97	0.228	0.304	7.28	8.65	0.317	0.378	0.37	1.979
2018-01-31	0.1809	1505.9	2355	2.38	4.67	0.101	0.198	3.72	5.77	0.158	0.245	5.23	7.01	0.222	0.298	7.34	8.73	0.311	0.371	0.37	1.962
2018-02-28	0.1826	1501.5	2355	2.37	4.68	0.101	0.199	3.77	5.82	0.160	0.247	5.08	6.89	0.216	0.293	7.14	8.58	0.303	0.364	0.38	1.975
2018-03-31	0.1825	1516.7	2355	2.39	4.72	0.101	0.200	3.74	5.83	0.159	0.247	5.06	6.90	0.215	0.293	7.37	8.80	0.313	0.373	0.38	1.975
2018-04-30	0.1848	1504.7	2355	2.41	4.74	0.102	0.201	3.85	5.92	0.163	0.251	5.20	7.02	0.221	0.298	7.26	8.70	0.308	0.369	0.39	1.967
2018-05-31	0.1860	1503.1	2355	2.36	4.72	0.100	0.200	3.86	5.94	0.164	0.252	5.35	7.15	0.227	0.303	7.49	8.90	0.318	0.378	0.41	2.000
2018-06-30	0.1854	1521.4	2355	2.34	4.72	0.099	0.201	3.84	5.95	0.163	0.253	5.34	7.17	0.227	0.305	7.51	8.94	0.319	0.380	0.41	2.017
2018-07-31	0.1865	1538.6	2355	2.30	4.74	0.097	0.201	3.79	5.95	0.161	0.253	5.34	7.21	0.227	0.306	7.50	8.97	0.319	0.381	0.40	2.061
2018-08-31	0.1886	1537.5	2355	2.21	4.69	0.094	0.199	3.70	5.90	0.157	0.250	5.24	7.16	0.223	0.304	7.41	8.91	0.315	0.378	0.40	2.122
2018-09-30	0.1885	1556.6	2355	2.22	4.74	0.094	0.201	3.71	5.94	0.157	0.252	5.29	7.23	0.225	0.307	7.46	8.99	0.317	0.382	0.41	2.135
2018-10-31	0.1906	1542.0	2355	2.34	4.83	0.099	0.205	3.75	5.97	0.159	0.254	5.40	7.31	0.229	0.310	7.62	9.10	0.323	0.386	0.41	2.064
2018-11-30	0.1911	1540.9	2355	2.37	4.86	0.100	0.206	3.79	6.01	0.161	0.255	5.19	7.14	0.220	0.303	7.46	8.98	0.317	0.381	0.42	2.051
2018-12-31	0.1924	1536.8	2355	2.30	4.82	0.098	0.204	3.71	5.95	0.157	0.253	5.11	7.08	0.217	0.301	7.39	8.93	0.314	0.379	0.42	2.096
2019-01-31	0.1908	1550.0	2432	2.25	4.77	0.092	0.196	3.64	5.90	0.150	0.243	5.04	7.04	0.207	0.289	7.38	8.93	0.303	0.367	0.42	2.120
2019-02-28	0.1892	1563.1	2432	2.34	4.86	0.096	0.200	3.79	6.03	0.156	0.248	4.97	6.99	0.204	0.287	7.29	8.86	0.300	0.364	0.42	2.077
2019-03-31	0.1879	1575.6	2432	2.33	4.85	0.096	0.200	3.69	5.95	0.152	0.245	4.88	6.93	0.201	0.285	7.53	9.08	0.310	0.373	0.42	2.082
2019-04-30	0.1881	1565.3	2432	2.30	4.81	0.094	0.198	3.75	5.99	0.154	0.246	5.08	7.07	0.209	0.291	7.27	8.85	0.299	0.364	0.42	2.091
2019-05-31	0.1873	1563.9	2432	2.30	4.80	0.095	0.197	3.83	6.04	0.158	0.249	5.23	7.18	0.215	0.295	7.45	8.98	0.306	0.369	0.43	2.087
2019-06-30	0.1844	1584.6	2432	2.33	4.82	0.096	0.198	3.84	6.05	0.158	0.249	5.26	7.22	0.216	0.297	7.51	9.05	0.309	0.372	0.42	2.069
2019-07-31	0.1831	1607.4	2432	2.35	4.86	0.097	0.200	3.86	6.09	0.159	0.251	5.32	7.29	0.219	0.300	7.60	9.16	0.313	0.376	0.40	2.068
2019-08-31	0.1823	1615.1	2432	2.38	4.89	0.098	0.201	3.87	6.11	0.159	0.251	5.32	7.29	0.219	0.300	7.61	9.16	0.313	0.377	0.40	2.055
2019-09-30	0.1806	1631.6	2432	2.37	4.89	0.097	0.201	3.84	6.09	0.158	0.251	5.29	7.28	0.217	0.299	7.61	9.18	0.313	0.378	0.40	2.063
2019-10-31	0.1824	1607.1	2432	2.26	4.78	0.093	0.197	3.78	6.02	0.155	0.247	5.25	7.22	0.216	0.297	7.19	8.81	0.295	0.362	0.41	2.115
2019-11-30	0.1825	1599.7	2432	2.23	4.74	0.092	0.195	3.51	5.79	0.144	0.238	4.98	6.99	0.205	0.287	7.35	8.93	0.302	0.367	0.41	2.126
2019-12-31	0.1824	1596.4	2432	2.17	4.69	0.089	0.193	3.42	5.71	0.141	0.235	4.89	6.91	0.201	0.284	7.26	8.85	0.299	0.364	0.41	2.161
2020-01-31	0.1837	1609.9	2318	2.09	4.67	0.090	0.201	3.34	5.69	0.144	0.245	4.81	6.89	0.208	0.297	7.23	8.86	0.312	0.382	0.42	2.234
2020-02-29	0.1833	1617.8	2318	2.19	4.75	0.094	0.205	3.45	5.78	0.149	0.249	4.70	6.81	0.203	0.294	7.07	8.74	0.305	0.377	0.42	2.169
2020-03-31	0.1852	1643.6	2318	2.25	4.88	0.097	0.211	3.51	5.90	0.151	0.255	5.14	7.23	0.222	0.312	7.54	9.19	0.325	0.396	0.42	2.169
2020-04-30	0.1916	1664.7	2318	2.59	5.28	0.112	0.228	3.95	6.39	0.171	0.275	5.24	7.42	0.226	0.320	7.56	9.30	0.326	0.401	0.44	2.039
2020-05-31	0.1933	1696.4	2318	2.86	5.59	0.123	0.241	4.32	6.77	0.187	0.292	5.76	7.92	0.248	0.342	8.05	9.77	0.347	0.421	0.45	1.955
2020-06-30	0.2004	1745.6	2318	3.04	5.93	0.131	0.256	4.50	7.10	0.194	0.306	5.95	8.26	0.257	0.356	8.28	10.12	0.357	0.437	0.47	1.951
2020-07-31	0.2066	1776.9	2318	3.08	6.12	0.133	0.264	4.54	7.27	0.196	0.314	5.99	8.42	0.258	0.363	8.35	10.29	0.360	0.444	0.44	1.987
2020-08-31	0.2104	1787.5	2318	3.01	6.14	0.130	0.265	4.46	7.28	0.192	0.314	5.91	8.42	0.255	0.363	8.32	10.33	0.359	0.446	0.46	2.040
2020-09-30	0.2169	1797.8	2318	2.91	6.18	0.125	0.266	4.36	7.31	0.188	0.315	5.82	8.46	0.251	0.365	8.23	10.35	0.355	0.446	0.47	2.124
2020-10-31	0.2234	1777.0	2318	2.87	6.20	0.124	0.267	4.30	7.31	0.185	0.315	5.85	8.51	0.252	0.367	8.14	10.29	0.351	0.444	0.49	2.160
2020-11-30	0.2267	1778.9	2318	2.68	6.11	0.116	0.263	4.10	7.21	0.177	0.311	5.69	8.43	0.245	0.364	8.33	10.47	0.359	0.452	0.50	2.280
2020-12-31	0.2308	1781.0	2318	2.64	6.14	0.114	0.265	4.04	7.22	0.174	0.312	5.63	8.44	0.243	0.364	8.27	10.47	0.357	0.452	0.51	2.326
2021-01-31	0.2335	1810.4	2508	2.64	6.25	0.105	0.249	4.04	7.32	0.161	0.292	5.62	8.54	0.224	0.340	8.30	10.59	0.331	0.422	0.52	2.367
2021-02-28	0.2376	1809.2	2508	2.68	6.34	0.107	0.253	3.98	7.33	0.159	0.292	5.48	8.48	0.219	0.338	8.46	10.75	0.337	0.429	0.53	2.366
2021-03-31	0.2404	1845.2	2508	2.75	6.52	0.110	0.260	4.44	7.81	0.177	0.311	6.00	9.00	0.239	0.359	8.62	10.99	0.344	0.438	0.53	2.371
2021-04-30	0.2472	1829.8	2508	2.84	6.66	0.113	0.266	4.17	7.67	0.166	0.306	5.66	8.78	0.226	0.350	8.72	11.09	0.348	0.442	0.55	2.345
2021-05-31	0.2506	1830.5	2508	2.92	6.78	0.116	0.270	4.41	7.89	0.176	0.315	5.84	8.96	0.233	0.357	8.96	11.30	0.357	0.451	0.57	2.322
2021-06-30	0.2539	1854.0	2508	2.93	6.89	0.117	0.275	4.41	8.00	0.176	0.319	5.83	9.06	0.233	0.361	8.98	11.41	0.358	0.455	0.58	2.352
2021-07-31	0.2577	1885.6	2508	2.93	7.03	0.117	0.280	4.41	8.13	0.176	0.324	5.88	9.23	0.235	0.368	9.07	11.59	0.362	0.462	0.58	2.399
2021-08-31	0.2608	1899.2	2508	2.91	7.10	0.116	0.283	4.39	8.20	0.175	0.327	5.89	9.31	0.235	0.371	9.10	11.68	0.363	0.466	0.59	2.440
2021-09-30	0.2646	1918.6	2508	2.91	7.22	0.116	0.288	4.39	8.30	0.175	0.331	5.92	9.43	0.236	0.376	9.14	11.80	0.364	0.470	0.61	2.481
2021-10-31	0.2693	1899.0	2508	2.90	7.23	0.116	0.288	4.46	8.37	0.178	0.334	5.54	9.16	0.221	0.365	8.83	11.57	0.352	0.461	0.63	2.493
2021-11-30	0.2713	1916.6	2508	2.87	7.29	0.115	0.291	4.42	8.42	0.176	0.336	5.92	9.52	0.236	0.379	9.22	11.92	0.368	0.475	0.64	2.540
2021-12-31	0.2757	1908.8	2508	2.76	7.26	0.110	0.290	4.29	8.37	0.171	0.334	5.80	9.46	0.231	0.377	9.09	11.85	0.363	0.472	0.65	2.630
2022-01-31	0.2795	1927.1	2654	2.72	7.34	0.102	0.277	4.23	8.44	0.159	0.318	5.74	9.52	0.216	0.359	9.09	11.93	0.342	0.450	0.67	2.699
2022-02-28	0.2802	1933.4	2654	2.64	7.32	0.100	0.276	4.36	8.56	0.164	0.322	5.65	9.48	0.213	0.357	9.24	12.07	0.348	0.455	0.69	2.773
2022-03-31	0.2801	1961.2	2654	3.06	7.70	0.115	0.290	4.81	8.96	0.181	0.338	6.15	9.92	0.232	0.374	9.35	12.22	0.352	0.461	0.70	2.516
2022-04-30	0.2839	1937.0	2654	2.69	7.43	0.102	0.280	4.34	8.61	0.164	0.324	5.72	9.60	0.216	0.362	8.96	11.92	0.338	0.449	0.72	2.762
2022-05-31	0.2852	1929.5	2654	2.83	7.52	0.107	0.283	4.40	8.65	0.166	0.326	5.87	9.70	0.221	0.365	9.11	12.01	0.343	0.453	0.74	2.657
2022-06-30	0.2824	1952.5	2654	2.81	7.53	0.106	0.284	4.38	8.66	0.165	0.326	5.88	9.74	0.222	0.367	9.12	12.06	0.344	0.454	0.75	2.680
2022-07-31	0.2833	1980.1	2654	2.81	7.62	0.106	0.287	4.38	8.75	0.165	0.330	5.92	9.85	0.223	0.371	9.15	12.17	0.345	0.459	0.70	2.712
2022-08-31	0.2838	1987.0	2654	2.75	7.61	0.104	0.287	4.33	8.74	0.163	0.329	5.89	9.86	0.222	0.371	9.12	12.17	0.344	0.459	0.71	2.767
2022-09-30	0.2829	2005.8	2654	2.67	7.59	0.101	0.286	4.24	8.71	0.160	0.328	5.80	9.83	0.219	0.371	9.06	12.17	0.342	0.459	0.71	2.843
2022-10-31	0.2845	1991.8	2654	2.75	7.64	0.104	0.288	3.87	8.44	0.146	0.318	5.78	9.80	0.218	0.369	9.31	12.33	0.351	0.464	0.73	2.778
2022-11-30	0.2822	2007.9	2654	2.73	7.63	0.103	0.287	4.24	8.71	0.160	0.328	6.14	10.07	0.231	0.380	9.29	12.33	0.350	0.465	0.73	2.795
2022-12-31	0.2809	2015.6	2654	2.75	7.64	0.104	0.288	4.26	8.72	0.160	0.329	6.16	10.09	0.232	0.380	9.31	12.35	0.351	0.465	0.74	2.778
2023-01-31	0.2783	2033.2	2834	2.68	7.59	0.094	0.268	4.18	8.68	0.148	0.306	6.12	10.08	0.216	0.356	9.27	12.35	0.327	0.436	0.74	2.832
2023-02-28	0.2756	2053.5	2834	2.89	7.75	0.102	0.274	4.40	8.85	0.155	0.312	6.47	10.35	0.228	0.365	9.62	12.63	0.340	0.446	0.73	2.682
2023-03-31	0.2742	2061.8	2834	3.10	7.91	0.109	0.279	4.67	9.04	0.165	0.319	6.26	10.20	0.221	0.360	9.50	12.55	0.335	0.443	0.73	2.552
2023-04-30	0.2707	2080.6	2834	3.06	7.87	0.108	0.278	4.63	9.01	0.163	0.318	6.66	10.49	0.235	0.370	9.51	12.57	0.336	0.444	0.73	2.572
2023-05-31	0.2705	2071.1	2834	3.13	7.89	0.111	0.278	4.77	9.08	0.168	0.320	6.86	10.61	0.242	0.374	9.86	12.79	0.348	0.451	0.75	2.521
2023-06-30	0.2656	2100.7	2834	3.19	7.92	0.113	0.280	4.83	9.13	0.170	0.322	6.93	10.67	0.244	0.376	9.96	12.90	0.352	0.455	0.75	2.483
2023-07-31	0.2658	2126.3	2834	3.22	8.01	0.114	0.283	4.86	9.22	0.171	0.325	6.95	10.76	0.245	0.380	10.07	13.05	0.355	0.460	0.70	2.488
2023-08-31	0.2642	2147.0	2834	3.22	8.04	0.114	0.284	4.85	9.24	0.171	0.326	6.95	10.78	0.245	0.381	10.11	13.11	0.357	0.463	0.70	2.497
2023-09-30	0.2632	2162.4	2834	3.14	8.01	0.111	0.283	4.74	9.19	0.167	0.324	7.23	11.02	0.255	0.389	10.09	13.13	0.356	0.463	0.70	2.551
2023-10-31	0.2630	2142.9	2834	2.71	7.64	0.096	0.269	4.60	9.02	0.162	0.318	6.83	10.67	0.241	0.376	9.72	12.80	0.343	0.452	0.71	2.819
2023-11-30	0.2594	2156.2	2834	3.06	7.86	0.108	0.277	4.86	9.19	0.171	0.324	7.14	10.88	0.252	0.384	10.26	13.19	0.362	0.466	0.70	2.569
2023-12-31	0.2571	2158.6	2834	3.06	7.82	0.108	0.276	4.84	9.15	0.171	0.323	7.12	10.84	0.251	0.383	10.25	13.17	0.362	0.465	0.70	2.556
2024-01-31	0.2514	2190.6	2935	3.06	7.80	0.104	0.266	4.84	9.13	0.165	0.311	7.12	10.84	0.243	0.369	10.31	13.22	0.351	0.451	0.69	2.549
2024-02-29	0.2492	2187.8	2935	3.00	7.70	0.102	0.262	5.01	9.22	0.171	0.314	7.25	10.90	0.247	0.371	10.50	13.33	0.358	0.454	0.69	2.567
2024-03-31	0.2456	2200.9	2935	3.19	7.81	0.109	0.266	4.75	8.99	0.162	0.306	6.99	10.68	0.238	0.364	10.35	13.21	0.353	0.450	0.68	2.448
2024-04-30	0.2422	2226.3	2935	3.20	7.82	0.109	0.266	5.20	9.33	0.177	0.318	7.02	10.71	0.239	0.365	10.82	13.59	0.368	0.463	0.68	2.444
2024-05-31	0.2415	2220.8	2935	3.30	7.86	0.112	0.268	5.38	9.45	0.183	0.322	7.11	10.76	0.242	0.367	11.15	13.82	0.380	0.471	0.70	2.382
2024-06-30	0.2378	2251.3	2935	3.35	7.91	0.114	0.269	5.44	9.50	0.185	0.324	7.17	10.82	0.244	0.368	11.27	13.95	0.384	0.475	0.70	2.361
2024-07-31	0.2365	2278.7	2935	3.37	7.96	0.115	0.271	5.46	9.56	0.186	0.326	7.22	10.90	0.246	0.371	11.36	14.07	0.387	0.479	0.66	2.362
2024-08-31	0.2342	2299.0	2935	3.35	7.95	0.114	0.271	5.44	9.55	0.185	0.325	7.22	10.92	0.246	0.372	11.39	14.11	0.388	0.481	0.66	2.373
2024-09-30	0.2320	2319.4	2935	3.31	7.92	0.113	0.270	5.85	9.88	0.199	0.336	7.48	11.12	0.255	0.379	11.39	14.13	0.388	0.481	0.66	2.393
2024-10-31	0.2304	2326.8	2935	3.56	8.10	0.121	0.276	5.65	9.71	0.193	0.331	7.94	11.47	0.271	0.391	11.30	14.06	0.385	0.479	0.66	2.275
2024-11-30	0.2303	2317.0	2935	3.61	8.12	0.123	0.277	5.66	9.69	0.193	0.330	7.60	11.18	0.259	0.381	11.46	14.15	0.390	0.482	0.66	2.249
2024-12-31	0.2298	2312.6	2935	3.57	8.07	0.122	0.275	5.56	9.59	0.189	0.327	7.50	11.09	0.255	0.378	11.36	14.06	0.387	0.479	0.66	2.261
2025-01-31	0.2267	2344.9	2991	3.53	8.04	0.118	0.269	5.51	9.58	0.184	0.320	7.48	11.10	0.250	0.371	11.36	14.10	0.380	0.472	0.66	2.278
2025-02-28	0.2226	2359.5	2991	3.69	8.12	0.124	0.272	5.73	9.71	0.192	0.324	7.76	11.28	0.259	0.377	11.68	14.33	0.390	0.479	0.66	2.201
2025-03-31	0.2149	2357.6	2991	3.37	7.71	0.113	0.258	5.39	9.30	0.180	0.311	7.42	10.89	0.248	0.364	11.43	14.04	0.382	0.469	0.61	2.288
2025-04-30	0.2113	2393.2	2991	3.83	8.08	0.128	0.270	5.43	9.34	0.182	0.312	7.46	10.94	0.250	0.366	11.52	14.14	0.385	0.473	0.61	2.110
2025-05-31	0.2036	2387.0	2991	3.84	7.92	0.128	0.265	5.49	9.23	0.184	0.309	7.72	11.01	0.258	0.368	11.81	14.27	0.395	0.477	0.60	2.062
2025-06-30	0.2019	2404.5	2991	3.78	7.87	0.126	0.263	5.41	9.17	0.181	0.307	7.64	10.95	0.255	0.366	11.82	14.29	0.395	0.478	0.60	2.082
2025-07-31	0.2010	2427.9	2991	3.76	7.89	0.126	0.264	5.37	9.17	0.180	0.307	7.60	10.95	0.254	0.366	11.85	14.35	0.396	0.480	0.60	2.098
2025-08-31	0.2007	2442.8	2991	3.71	7.87	0.124	0.263	5.31	9.15	0.178	0.306	7.54	10.93	0.252	0.365	11.85	14.38	0.396	0.481	0.61	2.121
2025-09-30	0.2008	2453.7	2991	3.89	8.04	0.130	0.269	5.61	9.41	0.187	0.315	7.77	11.14	0.260	0.372	11.76	14.32	0.393	0.479	0.61	2.067
2025-10-31	0.1978	2455.5	2991	3.68	7.81	0.123	0.261	6.01	9.68	0.201	0.324	7.60	10.96	0.254	0.366	11.61	14.17	0.388	0.474	0.60	2.122
2025-11-30	0.1943	2445.2	2991	3.70	7.74	0.124	0.259	5.66	9.31	0.189	0.311	7.92	11.13	0.265	0.372	11.89	14.33	0.398	0.479	0.59	2.092
2025-12-31	0.1949	2430.5	2991	3.53	7.58	0.118	0.253	5.47	9.14	0.183	0.306	7.72	10.95	0.258	0.366	11.70	14.15	0.391	0.473	0.60	2.147
2026-01-31	0.1919	2472.3	2991	3.57	7.63	0.120	0.255	5.51	9.19	0.184	0.307	7.80	11.04	0.261	0.369	11.83	14.30	0.395	0.478	0.59	2.137
2026-02-28	0.1834	2477.8	2991	3.70	7.57	0.124	0.253	5.70	9.20	0.191	0.308	8.11	11.17	0.271	0.373	12.02	14.36	0.402	0.480	0.57	2.046
2026-03-31	0.1808	2505.2	2991	3.72	7.58	0.124	0.253	5.72	9.21	0.191	0.308	8.13	11.19	0.272	0.374	12.15	14.48	0.406	0.484	0.54	2.038
2026-04-30	0.1758	2523.3	2991	3.51	7.33	0.118	0.245	5.50	8.97	0.184	0.300	8.36	11.33	0.279	0.379	12.05	14.36	0.403	0.480	0.53	2.088
2026-05-31	0.1689	2521.1	2991	3.60	7.25	0.120	0.242	5.83	9.10	0.195	0.304	8.60	11.41	0.288	0.381	12.46	14.61	0.416	0.488	0.52	2.014
2026-06-30	0.1672	2546.9	2991	3.61	7.26	0.121	0.243	5.81	9.09	0.194	0.304	8.58	11.40	0.287	0.381	12.47	14.65	0.417	0.490	0.52	2.011
