pays	annee	h	F1	r1	F5	r5	dette_pct_PIB	S_m_1_pPIB	S_c_1_pPIB	M_h	h_M_h
DE	2014	0.0057	0.2175	0.2220	0.5872	0.5895	74.5378	0.1621	0.1655		
DE	2015	0.0391	0.2164	0.2471	0.5785	0.5950	71.1841	0.1541	0.1759	6.9900	0.2734
DE	2016	0.0941	0.2076	0.2821	0.5689	0.6095	68.3015	0.1418	0.1927	8.1300	0.7651
DE	2017	0.1496	0.2026	0.3219	0.5631	0.6285	63.9878	0.1296	0.2060	6.5600	0.9817
DE	2018	0.1748	0.1999	0.3398	0.5675	0.6431	60.7575	0.1214	0.2064	6.3100	1.1031
DE	2019	0.1766	0.2041	0.3447	0.5629	0.6401	58.6832	0.1198	0.2023	6.3000	1.1125
DE	2020	0.2225	0.2278	0.3996	0.5557	0.6546	68.0410	0.1550	0.2719	6.1495	1.3682
DE	2021	0.2862	0.2260	0.4475	0.5450	0.6752	67.9376	0.1535	0.3040	6.5005	1.8605
DE	2022	0.2890	0.2231	0.4476	0.5424	0.6746	64.3965	0.1436	0.2882	6.7284	1.9447
DE	2023	0.2647	0.1957	0.4086	0.5292	0.6538	62.3454	0.1220	0.2547	6.6044	1.7481
DE	2024	0.2352	0.1773	0.3708	0.5115	0.6264	62.2279	0.1104	0.2308	6.5782	1.5472
DE	2025	0.1953	0.1770	0.3377	0.5114	0.6068	63.4966	0.1124	0.2144	6.5250	1.2740
ES	2014	0.0371	0.1873	0.2175	0.5267	0.5443	104.4483	0.1956	0.2271		
ES	2015	0.0798	0.1861	0.2511	0.5060	0.5454	102.4852	0.1907	0.2573	9.6900	0.7734
ES	2016	0.1249	0.1683	0.2722	0.4787	0.5438	102.0204	0.1717	0.2777	9.2400	1.1545
ES	2017	0.1714	0.1605	0.3044	0.4639	0.5558	101.2072	0.1625	0.3081	8.2700	1.4175
ES	2018	0.1876	0.1696	0.3253	0.4568	0.5587	99.7910	0.1692	0.3247	8.3200	1.5604
ES	2019	0.1816	0.1487	0.3032	0.4671	0.5639	97.6593	0.1452	0.2961	8.2100	1.4907
ES	2020	0.2326	0.1605	0.3558	0.4662	0.5903	119.2791	0.1915	0.4244	8.1543	1.8967
ES	2021	0.2789	0.1310	0.3734	0.4507	0.6039	115.6968	0.1516	0.4320	7.8227	2.1820
ES	2022	0.2831	0.1404	0.3838	0.4813	0.6281	109.3208	0.1535	0.4196	7.5473	2.1368
ES	2023	0.2633	0.1326	0.3610	0.4760	0.6140	105.1821	0.1395	0.3797	7.2141	1.8995
ES	2024	0.2400	0.1386	0.3453	0.4832	0.6073	101.6460	0.1408	0.3510	7.0006	1.6801
ES	2025	0.2041	0.1412	0.3165	0.4886	0.5930	100.6563	0.1421	0.3186	6.8869	1.4057
FR	2014	0.0215	0.2060	0.2231	0.5730	0.5822	96.1644	0.1981	0.2145		
FR	2015	0.0548	0.1951	0.2392	0.5641	0.5880	96.9778	0.1892	0.2320	7.7300	0.4237
FR	2016	0.1009	0.1772	0.2602	0.5430	0.5891	98.1498	0.1739	0.2554	7.6800	0.7750
FR	2017	0.1420	0.1705	0.2883	0.5336	0.5999	98.7610	0.1684	0.2847	7.7600	1.1020
FR	2018	0.1554	0.1665	0.2960	0.5294	0.6025	98.5299	0.1641	0.2917	7.3100	1.1359
FR	2019	0.1486	0.1684	0.2920	0.5199	0.5912	98.1577	0.1653	0.2866	6.9500	1.0329
FR	2020	0.1825	0.1894	0.3373	0.5220	0.6093	114.9066	0.2177	0.3876	7.4671	1.3624
FR	2021	0.2202	0.1759	0.3574	0.5176	0.6238	112.7857	0.1984	0.4031	7.4062	1.6312
FR	2022	0.2259	0.1555	0.3463	0.4953	0.6093	111.3656	0.1732	0.3856	7.0366	1.5897
FR	2023	0.2130	0.1535	0.3338	0.4974	0.6045	109.5074	0.1681	0.3655	6.6130	1.4084
FR	2024	0.1926	0.1661	0.3266	0.5201	0.6125	112.6348	0.1870	0.3679	6.3289	1.2187
FR	2025	0.1652	0.1639	0.3020	0.5172	0.5969	115.5517	0.1893	0.3489	6.2181	1.0271
IT	2014	0.0484	0.2636	0.2992	0.5778	0.5982	134.7976	0.3553	0.4034		
IT	2015	0.0759	0.2485	0.3055	0.5654	0.5984	134.7905	0.3350	0.4118	9.2700	0.7032
IT	2016	0.1195	0.2506	0.3402	0.5543	0.6076	134.2418	0.3364	0.4567	8.8900	1.0624
IT	2017	0.1583	0.2323	0.3538	0.5447	0.6167	133.7430	0.3107	0.4732	8.1100	1.2836
IT	2018	0.1692	0.2362	0.3654	0.5597	0.6342	134.2002	0.3170	0.4904	7.5100	1.2705
IT	2019	0.1679	0.2314	0.3604	0.5635	0.6368	133.9000	0.3098	0.4826	7.1700	1.2036
IT	2020	0.2157	0.2286	0.3950	0.5641	0.6581	154.3808	0.3529	0.6098	7.1712	1.5470
IT	2021	0.2519	0.2171	0.4143	0.5537	0.6661	145.8199	0.3166	0.6041	7.1712	1.8062
IT	2022	0.2608	0.2261	0.4280	0.5358	0.6569	138.3574	0.3129	0.5921	7.1679	1.8696
IT	2023	0.2424	0.2182	0.4077	0.5326	0.6459	133.9393	0.2923	0.5461	7.0532	1.7094
IT	2024	0.2164	0.1966	0.3705	0.5121	0.6177	134.7394	0.2649	0.4992	7.1625	1.5501
IT	2025	0.1854	0.1922	0.3420	0.5114	0.6020	137.1046	0.2635	0.4689	7.2023	1.3355
