bacheliers,origine_sociale,filiere,part_pct
2023,"Agriculteurs, artisans, commerçants, chefs d'entreprise",Université,48.1
2023,"Agriculteurs, artisans, commerçants, chefs d'entreprise",CPGE,8.8
2023,"Agriculteurs, artisans, commerçants, chefs d'entreprise",STS,24.6
2023,"Agriculteurs, artisans, commerçants, chefs d'entreprise",Autres,18.6
2023,"Agriculteurs, artisans, commerçants, chefs d'entreprise",dont IUT,8.9
2023,"Cadres, professions intellectuelles supérieures",Université,55.2
2023,"Cadres, professions intellectuelles supérieures",CPGE,14.2
2023,"Cadres, professions intellectuelles supérieures",STS,9.9
2023,"Cadres, professions intellectuelles supérieures",Autres,20.7
2023,"Cadres, professions intellectuelles supérieures",dont IUT,9.2
2023,Professions intermédiaires,Université,61.1
2023,Professions intermédiaires,CPGE,6.3
2023,Professions intermédiaires,STS,19.6
2023,Professions intermédiaires,Autres,13.0
2023,Professions intermédiaires,dont IUT,11.7
2023,Employés,Université,60.5
2023,Employés,CPGE,4.8
2023,Employés,STS,22.7
2023,Employés,Autres,11.9
2023,Employés,dont IUT,10.8
2023,Ouvriers,Université,43.4
2023,Ouvriers,CPGE,3.8
2023,Ouvriers,STS,46.0
2023,Ouvriers,Autres,6.8
2023,Ouvriers,dont IUT,8.4
2023,"Retraités, inactifs",Université,45.3
2023,"Retraités, inactifs",CPGE,4.3
2023,"Retraités, inactifs",STS,42.4
2023,"Retraités, inactifs",Autres,7.9
2023,"Retraités, inactifs",dont IUT,6.8
2023,Ensemble (origine renseignée),Université,53.5
2023,Ensemble (origine renseignée),CPGE,8.0
2023,Ensemble (origine renseignée),STS,24.3
2023,Ensemble (origine renseignée),Autres,14.1
2023,Ensemble (origine renseignée),dont IUT,9.5
2024,"Agriculteurs, artisans, commerçants, chefs d'entreprise",Université,47.6
2024,"Agriculteurs, artisans, commerçants, chefs d'entreprise",CPGE,8.9
2024,"Agriculteurs, artisans, commerçants, chefs d'entreprise",STS,23.7
2024,"Agriculteurs, artisans, commerçants, chefs d'entreprise",Autres,19.8
2024,"Agriculteurs, artisans, commerçants, chefs d'entreprise",dont IUT,9.2
2024,"Cadres, professions intellectuelles supérieures",Université,55.0
2024,"Cadres, professions intellectuelles supérieures",CPGE,14.1
2024,"Cadres, professions intellectuelles supérieures",STS,9.6
2024,"Cadres, professions intellectuelles supérieures",Autres,21.4
2024,"Cadres, professions intellectuelles supérieures",dont IUT,9.3
2024,Professions intermédiaires,Université,60.7
2024,Professions intermédiaires,CPGE,6.7
2024,Professions intermédiaires,STS,18.8
2024,Professions intermédiaires,Autres,13.9
2024,Professions intermédiaires,dont IUT,11.5
2024,Employés,Université,60.6
2024,Employés,CPGE,4.8
2024,Employés,STS,21.5
2024,Employés,Autres,13.0
2024,Employés,dont IUT,10.9
2024,Ouvriers,Université,42.7
2024,Ouvriers,CPGE,4.1
2024,Ouvriers,STS,45.8
2024,Ouvriers,Autres,7.5
2024,Ouvriers,dont IUT,8.4
2024,"Retraités, inactifs",Université,44.8
2024,"Retraités, inactifs",CPGE,4.9
2024,"Retraités, inactifs",STS,41.8
2024,"Retraités, inactifs",Autres,8.5
2024,"Retraités, inactifs",dont IUT,6.5
2024,Ensemble (origine renseignée),Université,53.3
2024,Ensemble (origine renseignée),CPGE,8.2
2024,Ensemble (origine renseignée),STS,23.4
2024,Ensemble (origine renseignée),Autres,15.0
2024,Ensemble (origine renseignée),dont IUT,9.5
