tableau,pays,periode,variable,valeur
france_decennies,FR,1996-2005,dette_depart,57.805
france_decennies,FR,1996-2005,dette_fin,68.186
france_decennies,FR,1996-2005,variation,10.381
france_decennies,FR,1996-2005,interets,31.062
france_decennies,FR,1996-2005,croissance,-22.621
france_decennies,FR,1996-2005,taux_croissance,8.441
france_decennies,FR,1996-2005,deficits_primaires,-2.463
france_decennies,FR,1996-2005,flux_stock,4.403
france_decennies,FR,1996-2005,solde_primaire_moyen,0.246
france_decennies,FR,1996-2005,annees_excedent,4.000
france_decennies,FR,1996-2005,croissance_nominale_moyenne,3.801
france_decennies,FR,2006-2015,dette_depart,68.186
france_decennies,FR,2006-2015,dette_fin,96.978
france_decennies,FR,2006-2015,variation,28.792
france_decennies,FR,2006-2015,interets,25.156
france_decennies,FR,2006-2015,croissance,-17.310
france_decennies,FR,2006-2015,taux_croissance,7.845
france_decennies,FR,2006-2015,deficits_primaires,22.404
france_decennies,FR,2006-2015,flux_stock,-1.457
france_decennies,FR,2006-2015,solde_primaire_moyen,-2.240
france_decennies,FR,2006-2015,annees_excedent,0.000
france_decennies,FR,2006-2015,croissance_nominale_moyenne,2.272
france_decennies,FR,2016-2025,dette_depart,96.978
france_decennies,FR,2016-2025,dette_fin,115.552
france_decennies,FR,2016-2025,variation,18.574
france_decennies,FR,2016-2025,interets,17.723
france_decennies,FR,2016-2025,croissance,-32.830
france_decennies,FR,2016-2025,taux_croissance,-15.107
france_decennies,FR,2016-2025,deficits_primaires,30.593
france_decennies,FR,2016-2025,flux_stock,3.087
france_decennies,FR,2016-2025,solde_primaire_moyen,-3.059
france_decennies,FR,2016-2025,annees_excedent,0.000
france_decennies,FR,2016-2025,croissance_nominale_moyenne,3.181
pays_dette_elevee,CY,2016-2025,dette_depart,111.595
pays_dette_elevee,CY,2016-2025,dette_fin,55.034
pays_dette_elevee,CY,2016-2025,variation,-56.562
pays_dette_elevee,CY,2016-2025,interets,18.254
pays_dette_elevee,CY,2016-2025,croissance,-64.491
pays_dette_elevee,CY,2016-2025,taux_croissance,-46.237
pays_dette_elevee,CY,2016-2025,deficits_primaires,-23.263
pays_dette_elevee,CY,2016-2025,flux_stock,12.939
pays_dette_elevee,CY,2016-2025,solde_primaire_moyen,2.326
pays_dette_elevee,CY,2016-2025,annees_excedent,8.000
pays_dette_elevee,CY,2016-2025,croissance_nominale_moyenne,7.482
pays_dette_elevee,PT,2016-2025,dette_depart,131.023
pays_dette_elevee,PT,2016-2025,dette_fin,89.665
pays_dette_elevee,PT,2016-2025,variation,-41.358
pays_dette_elevee,PT,2016-2025,interets,27.185
pays_dette_elevee,PT,2016-2025,croissance,-60.511
pays_dette_elevee,PT,2016-2025,taux_croissance,-33.325
pays_dette_elevee,PT,2016-2025,deficits_primaires,-15.476
pays_dette_elevee,PT,2016-2025,flux_stock,7.444
pays_dette_elevee,PT,2016-2025,solde_primaire_moyen,1.548
pays_dette_elevee,PT,2016-2025,annees_excedent,8.000
pays_dette_elevee,PT,2016-2025,croissance_nominale_moyenne,5.625
pays_dette_elevee,EL,2016-2025,dette_depart,179.620
pays_dette_elevee,EL,2016-2025,dette_fin,146.132
pays_dette_elevee,EL,2016-2025,variation,-33.488
pays_dette_elevee,EL,2016-2025,interets,30.614
pays_dette_elevee,EL,2016-2025,croissance,-60.985
pays_dette_elevee,EL,2016-2025,taux_croissance,-30.371
pays_dette_elevee,EL,2016-2025,deficits_primaires,-15.198
pays_dette_elevee,EL,2016-2025,flux_stock,12.081
pays_dette_elevee,EL,2016-2025,solde_primaire_moyen,1.520
pays_dette_elevee,EL,2016-2025,annees_excedent,7.000
pays_dette_elevee,EL,2016-2025,croissance_nominale_moyenne,3.712
pays_dette_elevee,ES,2016-2025,dette_depart,102.485
pays_dette_elevee,ES,2016-2025,dette_fin,100.656
pays_dette_elevee,ES,2016-2025,variation,-1.829
pays_dette_elevee,ES,2016-2025,interets,23.854
pays_dette_elevee,ES,2016-2025,croissance,-46.359
pays_dette_elevee,ES,2016-2025,taux_croissance,-22.505
pays_dette_elevee,ES,2016-2025,deficits_primaires,19.146
pays_dette_elevee,ES,2016-2025,flux_stock,1.530
pays_dette_elevee,ES,2016-2025,solde_primaire_moyen,-1.915
pays_dette_elevee,ES,2016-2025,annees_excedent,0.000
pays_dette_elevee,ES,2016-2025,croissance_nominale_moyenne,4.649
pays_dette_elevee,BE,2016-2025,dette_depart,105.693
pays_dette_elevee,BE,2016-2025,dette_fin,107.857
pays_dette_elevee,BE,2016-2025,variation,2.165
pays_dette_elevee,BE,2016-2025,interets,20.940
pays_dette_elevee,BE,2016-2025,croissance,-44.748
pays_dette_elevee,BE,2016-2025,taux_croissance,-23.808
pays_dette_elevee,BE,2016-2025,deficits_primaires,16.973
pays_dette_elevee,BE,2016-2025,flux_stock,8.999
pays_dette_elevee,BE,2016-2025,solde_primaire_moyen,-1.697
pays_dette_elevee,BE,2016-2025,annees_excedent,3.000
pays_dette_elevee,BE,2016-2025,croissance_nominale_moyenne,4.513
pays_dette_elevee,IT,2016-2025,dette_depart,134.790
pays_dette_elevee,IT,2016-2025,dette_fin,137.105
pays_dette_elevee,IT,2016-2025,variation,2.314
pays_dette_elevee,IT,2016-2025,interets,36.886
pays_dette_elevee,IT,2016-2025,croissance,-42.145
pays_dette_elevee,IT,2016-2025,taux_croissance,-5.259
pays_dette_elevee,IT,2016-2025,deficits_primaires,11.583
pays_dette_elevee,IT,2016-2025,flux_stock,-4.009
pays_dette_elevee,IT,2016-2025,solde_primaire_moyen,-1.158
pays_dette_elevee,IT,2016-2025,annees_excedent,6.000
pays_dette_elevee,IT,2016-2025,croissance_nominale_moyenne,3.210
pays_dette_elevee,FR,2016-2025,dette_depart,96.978
pays_dette_elevee,FR,2016-2025,dette_fin,115.552
pays_dette_elevee,FR,2016-2025,variation,18.574
pays_dette_elevee,FR,2016-2025,interets,17.723
pays_dette_elevee,FR,2016-2025,croissance,-32.830
pays_dette_elevee,FR,2016-2025,taux_croissance,-15.107
pays_dette_elevee,FR,2016-2025,deficits_primaires,30.593
pays_dette_elevee,FR,2016-2025,flux_stock,3.087
pays_dette_elevee,FR,2016-2025,solde_primaire_moyen,-3.059
pays_dette_elevee,FR,2016-2025,annees_excedent,0.000
pays_dette_elevee,FR,2016-2025,croissance_nominale_moyenne,3.181
france_annuel,FR,1996,solde_primaire,-0.282
france_annuel,FR,1996,solde_stabilisant,2.077
france_annuel,FR,1996,ecart,-2.358
france_annuel,FR,1996,dette,60.593
france_annuel,FR,1996,taux_implicite,6.424
france_annuel,FR,1996,croissance_nominale,2.733
france_annuel,FR,1997,solde_primaire,-0.160
france_annuel,FR,1997,solde_stabilisant,1.545
france_annuel,FR,1997,ecart,-1.705
france_annuel,FR,1997,dette,61.983
france_annuel,FR,1997,taux_implicite,6.061
france_annuel,FR,1997,croissance_nominale,3.424
france_annuel,FR,1998,solde_primaire,0.995
france_annuel,FR,1998,solde_stabilisant,0.778
france_annuel,FR,1998,ecart,0.217
france_annuel,FR,1998,dette,62.100
france_annuel,FR,1998,taux_implicite,5.703
france_annuel,FR,1998,croissance_nominale,4.393
france_annuel,FR,1999,solde_primaire,1.534
france_annuel,FR,1999,solde_stabilisant,0.905
france_annuel,FR,1999,ecart,0.629
france_annuel,FR,1999,dette,61.423
france_annuel,FR,1999,taux_implicite,5.136
france_annuel,FR,1999,croissance_nominale,3.627
france_annuel,FR,2000,solde_primaire,1.647
france_annuel,FR,2000,solde_stabilisant,-0.307
france_annuel,FR,2000,ecart,1.954
france_annuel,FR,2000,dette,59.721
france_annuel,FR,2000,taux_implicite,5.089
france_annuel,FR,2000,croissance_nominale,5.617
france_annuel,FR,2001,solde_primaire,1.635
france_annuel,FR,2001,solde_stabilisant,0.845
france_annuel,FR,2001,ecart,0.790
france_annuel,FR,2001,dette,59.322
france_annuel,FR,2001,taux_implicite,5.308
france_annuel,FR,2001,croissance_nominale,3.838
france_annuel,FR,2002,solde_primaire,-0.147
france_annuel,FR,2002,solde_stabilisant,1.214
france_annuel,FR,2002,ecart,-1.362
france_annuel,FR,2002,dette,61.256
france_annuel,FR,2002,taux_implicite,5.265
france_annuel,FR,2002,croissance_nominale,3.154
france_annuel,FR,2003,solde_primaire,-1.212
france_annuel,FR,2003,solde_stabilisant,1.215
france_annuel,FR,2003,ecart,-2.427
france_annuel,FR,2003,dette,65.364
france_annuel,FR,2003,taux_implicite,4.826
france_annuel,FR,2003,croissance_nominale,2.787
france_annuel,FR,2004,solde_primaire,-0.754
france_annuel,FR,2004,solde_stabilisant,-0.043
france_annuel,FR,2004,ecart,-0.711
france_annuel,FR,2004,dette,66.879
france_annuel,FR,2004,taux_implicite,4.480
france_annuel,FR,2004,croissance_nominale,4.549
france_annuel,FR,2005,solde_primaire,-0.792
france_annuel,FR,2005,solde_stabilisant,0.213
france_annuel,FR,2005,ecart,-1.005
france_annuel,FR,2005,dette,68.186
france_annuel,FR,2005,taux_implicite,4.218
france_annuel,FR,2005,croissance_nominale,3.888
france_annuel,FR,2006,solde_primaire,-0.054
france_annuel,FR,2006,solde_stabilisant,-0.498
france_annuel,FR,2006,ecart,0.444
france_annuel,FR,2006,dette,65.401
france_annuel,FR,2006,taux_implicite,4.000
france_annuel,FR,2006,croissance_nominale,4.766
france_annuel,FR,2007,solde_primaire,-0.301
france_annuel,FR,2007,solde_stabilisant,-0.412
france_annuel,FR,2007,ecart,0.110
france_annuel,FR,2007,dette,65.477
france_annuel,FR,2007,taux_implicite,4.315
france_annuel,FR,2007,croissance_nominale,4.976
france_annuel,FR,2008,solde_primaire,-0.629
france_annuel,FR,2008,solde_stabilisant,1.158
france_annuel,FR,2008,ecart,-1.787
france_annuel,FR,2008,dette,69.819
france_annuel,FR,2008,taux_implicite,4.506
france_annuel,FR,2008,croissance_nominale,2.690
france_annuel,FR,2009,solde_primaire,-4.833
france_annuel,FR,2009,solde_stabilisant,4.499
france_annuel,FR,2009,ecart,-9.332
france_annuel,FR,2009,dette,84.056
france_annuel,FR,2009,taux_implicite,3.547
france_annuel,FR,2009,croissance_nominale,-2.722
france_annuel,FR,2010,solde_primaire,-4.612
france_annuel,FR,2010,solde_stabilisant,0.004
france_annuel,FR,2010,ecart,-4.616
france_annuel,FR,2010,dette,86.278
france_annuel,FR,2010,taux_implicite,3.116
france_annuel,FR,2010,croissance_nominale,3.112
france_annuel,FR,2011,solde_primaire,-2.589
france_annuel,FR,2011,solde_stabilisant,-0.049
france_annuel,FR,2011,ecart,-2.540
france_annuel,FR,2011,dette,88.749
france_annuel,FR,2011,taux_implicite,3.251
france_annuel,FR,2011,croissance_nominale,3.310
france_annuel,FR,2012,solde_primaire,-2.540
france_annuel,FR,2012,solde_stabilisant,1.520
france_annuel,FR,2012,ecart,-4.060
france_annuel,FR,2012,dette,91.742
france_annuel,FR,2012,taux_implicite,3.002
france_annuel,FR,2012,croissance_nominale,1.268
france_annuel,FR,2013,solde_primaire,-2.607
france_annuel,FR,2013,solde_stabilisant,0.944
france_annuel,FR,2013,ecart,-3.551
france_annuel,FR,2013,dette,94.558
france_annuel,FR,2013,taux_implicite,2.580
france_annuel,FR,2013,croissance_nominale,1.535
france_annuel,FR,2014,solde_primaire,-2.377
france_annuel,FR,2014,solde_stabilisant,0.731
france_annuel,FR,2014,ecart,-3.108
france_annuel,FR,2014,dette,96.164
france_annuel,FR,2014,taux_implicite,2.360
france_annuel,FR,2014,croissance_nominale,1.574
france_annuel,FR,2015,solde_primaire,-1.861
france_annuel,FR,2015,solde_stabilisant,-0.051
france_annuel,FR,2015,ecart,-1.810
france_annuel,FR,2015,dette,96.978
france_annuel,FR,2015,taux_implicite,2.159
france_annuel,FR,2015,croissance_nominale,2.213
france_annuel,FR,2016,solde_primaire,-1.864
france_annuel,FR,2016,solde_stabilisant,0.579
france_annuel,FR,2016,ecart,-2.443
france_annuel,FR,2016,dette,98.150
france_annuel,FR,2016,taux_implicite,1.988
france_annuel,FR,2016,croissance_nominale,1.382
france_annuel,FR,2017,solde_primaire,-1.573
france_annuel,FR,2017,solde_stabilisant,-0.774
france_annuel,FR,2017,ecart,-0.799
france_annuel,FR,2017,dette,98.761
france_annuel,FR,2017,taux_implicite,1.873
france_annuel,FR,2017,croissance_nominale,2.682
france_annuel,FR,2018,solde_primaire,-0.550
france_annuel,FR,2018,solde_stabilisant,-0.901
france_annuel,FR,2018,ecart,0.351
france_annuel,FR,2018,dette,98.530
france_annuel,FR,2018,taux_implicite,1.841
france_annuel,FR,2018,croissance_nominale,2.779
france_annuel,FR,2019,solde_primaire,-0.878
france_annuel,FR,2019,solde_stabilisant,-1.597
france_annuel,FR,2019,ecart,0.719
france_annuel,FR,2019,dette,98.158
france_annuel,FR,2019,taux_implicite,1.589
france_annuel,FR,2019,croissance_nominale,3.263
france_annuel,FR,2020,solde_primaire,-7.651
france_annuel,FR,2020,solde_stabilisant,6.106
france_annuel,FR,2020,ecart,-13.757
france_annuel,FR,2020,dette,114.907
france_annuel,FR,2020,taux_implicite,1.245
france_annuel,FR,2020,croissance_nominale,-4.684
france_annuel,FR,2021,solde_primaire,-5.197
france_annuel,FR,2021,solde_stabilisant,-7.309
france_annuel,FR,2021,ecart,2.112
france_annuel,FR,2021,dette,112.786
france_annuel,FR,2021,taux_implicite,1.306
france_annuel,FR,2021,croissance_nominale,8.188
france_annuel,FR,2022,solde_primaire,-2.824
france_annuel,FR,2022,solde_stabilisant,-4.281
france_annuel,FR,2022,ecart,1.456
france_annuel,FR,2022,dette,111.366
france_annuel,FR,2022,taux_implicite,1.801
france_annuel,FR,2022,croissance_nominale,5.817
france_annuel,FR,2023,solde_primaire,-3.476
france_annuel,FR,2023,solde_stabilisant,-5.182
france_annuel,FR,2023,ecart,1.706
france_annuel,FR,2023,dette,109.507
france_annuel,FR,2023,taux_implicite,1.807
france_annuel,FR,2023,croissance_nominale,6.776
france_annuel,FR,2024,solde_primaire,-3.713
france_annuel,FR,2024,solde_stabilisant,-1.735
france_annuel,FR,2024,ecart,-1.978
france_annuel,FR,2024,dette,112.635
france_annuel,FR,2024,taux_implicite,1.938
france_annuel,FR,2024,croissance_nominale,3.579
france_annuel,FR,2025,solde_primaire,-2.868
france_annuel,FR,2025,solde_stabilisant,-0.013
france_annuel,FR,2025,ecart,-2.855
france_annuel,FR,2025,dette,115.552
france_annuel,FR,2025,taux_implicite,2.016
france_annuel,FR,2025,croissance_nominale,2.027
europe_fenetres_dette_elevee,BE+EL+ES+FR+IT+PT,fenetres de dix ans,deficit_n,35
europe_fenetres_dette_elevee,BE+EL+ES+FR+IT+PT,fenetres de dix ans,deficit_fortes_baisses,0
europe_fenetres_dette_elevee,BE+EL+ES+FR+IT+PT,fenetres de dix ans,deficit_baisses,6
europe_fenetres_dette_elevee,BE+CY+IT,fenetres de dix ans,excedent_2_n,13
europe_fenetres_dette_elevee,BE+CY+IT,fenetres de dix ans,excedent_2_fortes_baisses,7
europe_fenetres_dette_elevee,BE+CY+IT,fenetres de dix ans,excedent_2_baisses,13
