annee,dette_pct_pib,variation,effet_interets,effet_croissance,effet_taux_croissance,contribution_solde_primaire,flux_stock,taux_implicite_pct,croissance_nominale_pct,solde_primaire_pct_pib
1996,59.979,2.478,3.578,-1.805,1.773,0.279,0.426,6.424,3.240,-0.279
1997,62.484,2.506,3.580,-0.917,2.662,0.162,-0.318,6.061,1.553,-0.162
1998,62.496,0.011,3.408,-2.730,0.677,-1.001,0.335,5.703,4.569,1.001
1999,61.423,-1.073,3.078,-2.570,0.508,-1.534,-0.047,5.136,4.288,1.534
2000,59.721,-1.702,2.959,-3.267,-0.307,-1.647,0.252,5.089,5.617,1.647
2001,59.322,-0.399,3.053,-2.207,0.845,-1.635,0.391,5.308,3.838,1.635
2002,61.256,1.934,3.028,-1.814,1.214,0.147,0.572,5.265,3.154,-0.147
2003,65.364,4.108,2.876,-1.661,1.215,1.212,1.681,4.826,2.787,-1.212
2004,66.879,1.516,2.801,-2.844,-0.043,0.754,0.804,4.480,4.549,-0.754
2005,68.186,1.307,2.715,-2.503,0.213,0.792,0.302,4.218,3.888,-0.792
2006,65.401,-2.785,2.603,-3.102,-0.498,0.054,-2.341,4.000,4.766,-0.054
2007,65.477,0.076,2.688,-3.100,-0.412,0.301,0.186,4.315,4.976,-0.301
2008,69.819,4.342,2.873,-1.715,1.158,0.629,2.555,4.506,2.690,-0.629
2009,84.056,14.236,2.546,1.953,4.499,4.833,4.905,3.547,-2.722,-4.833
2010,86.278,2.222,2.540,-2.537,0.004,4.612,-2.393,3.116,3.112,-4.612
2011,88.749,2.471,2.715,-2.764,-0.049,2.589,-0.069,3.251,3.310,-2.589
2012,91.742,2.993,2.631,-1.111,1.520,2.540,-1.067,3.002,1.268,-2.540
2013,94.558,2.816,2.331,-1.387,0.944,2.607,-0.735,2.580,1.535,-2.607
2014,96.164,1.607,2.197,-1.466,0.731,2.377,-1.501,2.360,1.574,-2.377
2015,96.978,0.813,2.031,-2.082,-0.051,1.861,-0.996,2.159,2.213,-1.861
2016,98.150,1.172,1.901,-1.322,0.579,1.864,-1.271,1.988,1.382,-1.864
2017,98.761,0.611,1.790,-2.564,-0.774,1.573,-0.187,1.873,2.682,-1.573
2018,98.530,-0.231,1.769,-2.670,-0.901,0.550,0.120,1.841,2.779,-0.550
2019,98.158,-0.372,1.516,-3.113,-1.597,0.878,0.347,1.589,3.263,-0.878
2020,114.907,16.749,1.282,4.824,6.106,7.651,2.992,1.245,-4.684,-7.651
2021,112.786,-2.121,1.387,-8.697,-7.309,5.197,-0.009,1.306,8.188,-5.197
2022,111.366,-1.420,1.919,-6.200,-4.281,2.824,0.036,1.801,5.817,-2.824
2023,109.507,-1.858,1.885,-7.067,-5.182,3.476,-0.152,1.807,6.776,-3.476
2024,112.635,3.127,2.049,-3.783,-1.735,3.713,1.149,1.938,3.579,-3.713
2025,115.694,3.059,2.228,-2.102,0.126,2.871,0.062,2.016,1.902,-2.871
