serie,periode,variable,valeur,unite,source
dette_trimestrielle,1995-Q4,mdeur,701.6,milliards d'euros courants,"INSEE, dette de Maastricht des administrations publiques"
dette_trimestrielle,1996-Q1,mdeur,717.5,milliards d'euros courants,"INSEE, dette de Maastricht des administrations publiques"
dette_trimestrielle,1996-Q2,mdeur,730.8,milliards d'euros courants,"INSEE, dette de Maastricht des administrations publiques"
dette_trimestrielle,1996-Q3,mdeur,744.1,milliards d'euros courants,"INSEE, dette de Maastricht des administrations publiques"
dette_trimestrielle,1996-Q4,mdeur,755.6,milliards d'euros courants,"INSEE, dette de Maastricht des administrations publiques"
dette_trimestrielle,1997-Q1,mdeur,762.8,milliards d'euros courants,"INSEE, dette de Maastricht des administrations publiques"
dette_trimestrielle,1997-Q2,mdeur,795.4,milliards d'euros courants,"INSEE, dette de Maastricht des administrations publiques"
dette_trimestrielle,1997-Q3,mdeur,803.0,milliards d'euros courants,"INSEE, dette de Maastricht des administrations publiques"
dette_trimestrielle,1997-Q4,mdeur,799.4,milliards d'euros courants,"INSEE, dette de Maastricht des administrations publiques"
dette_trimestrielle,1998-Q1,mdeur,799.6,milliards d'euros courants,"INSEE, dette de Maastricht des administrations publiques"
dette_trimestrielle,1998-Q2,mdeur,811.2,milliards d'euros courants,"INSEE, dette de Maastricht des administrations publiques"
dette_trimestrielle,1998-Q3,mdeur,836.0,milliards d'euros courants,"INSEE, dette de Maastricht des administrations publiques"
dette_trimestrielle,1998-Q4,mdeur,836.1,milliards d'euros courants,"INSEE, dette de Maastricht des administrations publiques"
dette_trimestrielle,1999-Q1,mdeur,845.8,milliards d'euros courants,"INSEE, dette de Maastricht des administrations publiques"
dette_trimestrielle,1999-Q2,mdeur,843.9,milliards d'euros courants,"INSEE, dette de Maastricht des administrations publiques"
dette_trimestrielle,1999-Q3,mdeur,855.6,milliards d'euros courants,"INSEE, dette de Maastricht des administrations publiques"
dette_trimestrielle,1999-Q4,mdeur,856.9,milliards d'euros courants,"INSEE, dette de Maastricht des administrations publiques"
dette_trimestrielle,2000-Q1,mdeur,854.8,milliards d'euros courants,"INSEE, dette de Maastricht des administrations publiques"
dette_trimestrielle,2000-Q2,mdeur,866.9,milliards d'euros courants,"INSEE, dette de Maastricht des administrations publiques"
dette_trimestrielle,2000-Q3,mdeur,870.6,milliards d'euros courants,"INSEE, dette de Maastricht des administrations publiques"
dette_trimestrielle,2000-Q4,mdeur,880.0,milliards d'euros courants,"INSEE, dette de Maastricht des administrations publiques"
dette_trimestrielle,2001-Q1,mdeur,875.5,milliards d'euros courants,"INSEE, dette de Maastricht des administrations publiques"
dette_trimestrielle,2001-Q2,mdeur,898.7,milliards d'euros courants,"INSEE, dette de Maastricht des administrations publiques"
dette_trimestrielle,2001-Q3,mdeur,908.6,milliards d'euros courants,"INSEE, dette de Maastricht des administrations publiques"
dette_trimestrielle,2001-Q4,mdeur,907.7,milliards d'euros courants,"INSEE, dette de Maastricht des administrations publiques"
dette_trimestrielle,2002-Q1,mdeur,919.8,milliards d'euros courants,"INSEE, dette de Maastricht des administrations publiques"
dette_trimestrielle,2002-Q2,mdeur,946.7,milliards d'euros courants,"INSEE, dette de Maastricht des administrations publiques"
dette_trimestrielle,2002-Q3,mdeur,950.3,milliards d'euros courants,"INSEE, dette de Maastricht des administrations publiques"
dette_trimestrielle,2002-Q4,mdeur,966.8,milliards d'euros courants,"INSEE, dette de Maastricht des administrations publiques"
dette_trimestrielle,2003-Q1,mdeur,998.5,milliards d'euros courants,"INSEE, dette de Maastricht des administrations publiques"
dette_trimestrielle,2003-Q2,mdeur,1038.2,milliards d'euros courants,"INSEE, dette de Maastricht des administrations publiques"
dette_trimestrielle,2003-Q3,mdeur,1054.0,milliards d'euros courants,"INSEE, dette de Maastricht des administrations publiques"
dette_trimestrielle,2003-Q4,mdeur,1060.4,milliards d'euros courants,"INSEE, dette de Maastricht des administrations publiques"
dette_trimestrielle,2004-Q1,mdeur,1082.2,milliards d'euros courants,"INSEE, dette de Maastricht des administrations publiques"
dette_trimestrielle,2004-Q2,mdeur,1116.6,milliards d'euros courants,"INSEE, dette de Maastricht des administrations publiques"
dette_trimestrielle,2004-Q3,mdeur,1121.8,milliards d'euros courants,"INSEE, dette de Maastricht des administrations publiques"
dette_trimestrielle,2004-Q4,mdeur,1134.3,milliards d'euros courants,"INSEE, dette de Maastricht des administrations publiques"
dette_trimestrielle,2005-Q1,mdeur,1157.6,milliards d'euros courants,"INSEE, dette de Maastricht des administrations publiques"
dette_trimestrielle,2005-Q2,mdeur,1176.9,milliards d'euros courants,"INSEE, dette de Maastricht des administrations publiques"
dette_trimestrielle,2005-Q3,mdeur,1183.0,milliards d'euros courants,"INSEE, dette de Maastricht des administrations publiques"
dette_trimestrielle,2005-Q4,mdeur,1201.5,milliards d'euros courants,"INSEE, dette de Maastricht des administrations publiques"
dette_trimestrielle,2006-Q1,mdeur,1211.1,milliards d'euros courants,"INSEE, dette de Maastricht des administrations publiques"
dette_trimestrielle,2006-Q2,mdeur,1208.3,milliards d'euros courants,"INSEE, dette de Maastricht des administrations publiques"
dette_trimestrielle,2006-Q3,mdeur,1220.5,milliards d'euros courants,"INSEE, dette de Maastricht des administrations publiques"
dette_trimestrielle,2006-Q4,mdeur,1207.3,milliards d'euros courants,"INSEE, dette de Maastricht des administrations publiques"
dette_trimestrielle,2007-Q1,mdeur,1244.5,milliards d'euros courants,"INSEE, dette de Maastricht des administrations publiques"
dette_trimestrielle,2007-Q2,mdeur,1277.6,milliards d'euros courants,"INSEE, dette de Maastricht des administrations publiques"
dette_trimestrielle,2007-Q3,mdeur,1280.5,milliards d'euros courants,"INSEE, dette de Maastricht des administrations publiques"
dette_trimestrielle,2007-Q4,mdeur,1268.9,milliards d'euros courants,"INSEE, dette de Maastricht des administrations publiques"
dette_trimestrielle,2008-Q1,mdeur,1311.1,milliards d'euros courants,"INSEE, dette de Maastricht des administrations publiques"
dette_trimestrielle,2008-Q2,mdeur,1331.0,milliards d'euros courants,"INSEE, dette de Maastricht des administrations publiques"
dette_trimestrielle,2008-Q3,mdeur,1348.7,milliards d'euros courants,"INSEE, dette de Maastricht des administrations publiques"
dette_trimestrielle,2008-Q4,mdeur,1389.4,milliards d'euros courants,"INSEE, dette de Maastricht des administrations publiques"
dette_trimestrielle,2009-Q1,mdeur,1472.9,milliards d'euros courants,"INSEE, dette de Maastricht des administrations publiques"
dette_trimestrielle,2009-Q2,mdeur,1561.7,milliards d'euros courants,"INSEE, dette de Maastricht des administrations publiques"
dette_trimestrielle,2009-Q3,mdeur,1601.4,milliards d'euros courants,"INSEE, dette de Maastricht des administrations publiques"
dette_trimestrielle,2009-Q4,mdeur,1627.2,milliards d'euros courants,"INSEE, dette de Maastricht des administrations publiques"
dette_trimestrielle,2010-Q1,mdeur,1672.7,milliards d'euros courants,"INSEE, dette de Maastricht des administrations publiques"
dette_trimestrielle,2010-Q2,mdeur,1730.9,milliards d'euros courants,"INSEE, dette de Maastricht des administrations publiques"
dette_trimestrielle,2010-Q3,mdeur,1710.1,milliards d'euros courants,"INSEE, dette de Maastricht des administrations publiques"
dette_trimestrielle,2010-Q4,mdeur,1722.2,milliards d'euros courants,"INSEE, dette de Maastricht des administrations publiques"
dette_trimestrielle,2011-Q1,mdeur,1766.8,milliards d'euros courants,"INSEE, dette de Maastricht des administrations publiques"
dette_trimestrielle,2011-Q2,mdeur,1811.7,milliards d'euros courants,"INSEE, dette de Maastricht des administrations publiques"
dette_trimestrielle,2011-Q3,mdeur,1806.8,milliards d'euros courants,"INSEE, dette de Maastricht des administrations publiques"
dette_trimestrielle,2011-Q4,mdeur,1830.1,milliards d'euros courants,"INSEE, dette de Maastricht des administrations publiques"
dette_trimestrielle,2012-Q1,mdeur,1886.8,milliards d'euros courants,"INSEE, dette de Maastricht des administrations publiques"
dette_trimestrielle,2012-Q2,mdeur,1922.6,milliards d'euros courants,"INSEE, dette de Maastricht des administrations publiques"
dette_trimestrielle,2012-Q3,mdeur,1902.1,milliards d'euros courants,"INSEE, dette de Maastricht des administrations publiques"
dette_trimestrielle,2012-Q4,mdeur,1915.8,milliards d'euros courants,"INSEE, dette de Maastricht des administrations publiques"
dette_trimestrielle,2013-Q1,mdeur,1953.6,milliards d'euros courants,"INSEE, dette de Maastricht des administrations publiques"
dette_trimestrielle,2013-Q2,mdeur,1996.3,milliards d'euros courants,"INSEE, dette de Maastricht des administrations publiques"
dette_trimestrielle,2013-Q3,mdeur,1985.6,milliards d'euros courants,"INSEE, dette de Maastricht des administrations publiques"
dette_trimestrielle,2013-Q4,mdeur,2005.0,milliards d'euros courants,"INSEE, dette de Maastricht des administrations publiques"
dette_trimestrielle,2014-Q1,mdeur,2048.6,milliards d'euros courants,"INSEE, dette de Maastricht des administrations publiques"
dette_trimestrielle,2014-Q2,mdeur,2067.8,milliards d'euros courants,"INSEE, dette de Maastricht des administrations publiques"
dette_trimestrielle,2014-Q3,mdeur,2073.9,milliards d'euros courants,"INSEE, dette de Maastricht des administrations publiques"
dette_trimestrielle,2014-Q4,mdeur,2071.1,milliards d'euros courants,"INSEE, dette de Maastricht des administrations publiques"
dette_trimestrielle,2015-Q1,mdeur,2123.9,milliards d'euros courants,"INSEE, dette de Maastricht des administrations publiques"
dette_trimestrielle,2015-Q2,mdeur,2141.1,milliards d'euros courants,"INSEE, dette de Maastricht des administrations publiques"
dette_trimestrielle,2015-Q3,mdeur,2140.2,milliards d'euros courants,"INSEE, dette de Maastricht des administrations publiques"
dette_trimestrielle,2015-Q4,mdeur,2134.9,milliards d'euros courants,"INSEE, dette de Maastricht des administrations publiques"
dette_trimestrielle,2016-Q1,mdeur,2188.2,milliards d'euros courants,"INSEE, dette de Maastricht des administrations publiques"
dette_trimestrielle,2016-Q2,mdeur,2217.8,milliards d'euros courants,"INSEE, dette de Maastricht des administrations publiques"
dette_trimestrielle,2016-Q3,mdeur,2206.5,milliards d'euros courants,"INSEE, dette de Maastricht des administrations publiques"
dette_trimestrielle,2016-Q4,mdeur,2190.5,milliards d'euros courants,"INSEE, dette de Maastricht des administrations publiques"
dette_trimestrielle,2017-Q1,mdeur,2256.0,milliards d'euros courants,"INSEE, dette de Maastricht des administrations publiques"
dette_trimestrielle,2017-Q2,mdeur,2281.3,milliards d'euros courants,"INSEE, dette de Maastricht des administrations publiques"
dette_trimestrielle,2017-Q3,mdeur,2278.8,milliards d'euros courants,"INSEE, dette de Maastricht des administrations publiques"
dette_trimestrielle,2017-Q4,mdeur,2263.3,milliards d'euros courants,"INSEE, dette de Maastricht des administrations publiques"
dette_trimestrielle,2018-Q1,mdeur,2291.6,milliards d'euros courants,"INSEE, dette de Maastricht des administrations publiques"
dette_trimestrielle,2018-Q2,mdeur,2305.5,milliards d'euros courants,"INSEE, dette de Maastricht des administrations publiques"
dette_trimestrielle,2018-Q3,mdeur,2325.7,milliards d'euros courants,"INSEE, dette de Maastricht des administrations publiques"
dette_trimestrielle,2018-Q4,mdeur,2320.7,milliards d'euros courants,"INSEE, dette de Maastricht des administrations publiques"
dette_trimestrielle,2019-Q1,mdeur,2362.2,milliards d'euros courants,"INSEE, dette de Maastricht des administrations publiques"
dette_trimestrielle,2019-Q2,mdeur,2379.1,milliards d'euros courants,"INSEE, dette de Maastricht des administrations publiques"
dette_trimestrielle,2019-Q3,mdeur,2420.3,milliards d'euros courants,"INSEE, dette de Maastricht des administrations publiques"
dette_trimestrielle,2019-Q4,mdeur,2387.4,milliards d'euros courants,"INSEE, dette de Maastricht des administrations publiques"
dette_trimestrielle,2020-Q1,mdeur,2445.8,milliards d'euros courants,"INSEE, dette de Maastricht des administrations publiques"
dette_trimestrielle,2020-Q2,mdeur,2644.9,milliards d'euros courants,"INSEE, dette de Maastricht des administrations publiques"
dette_trimestrielle,2020-Q3,mdeur,2679.6,milliards d'euros courants,"INSEE, dette de Maastricht des administrations publiques"
dette_trimestrielle,2020-Q4,mdeur,2663.9,milliards d'euros courants,"INSEE, dette de Maastricht des administrations publiques"
dette_trimestrielle,2021-Q1,mdeur,2752.5,milliards d'euros courants,"INSEE, dette de Maastricht des administrations publiques"
dette_trimestrielle,2021-Q2,mdeur,2775.2,milliards d'euros courants,"INSEE, dette de Maastricht des administrations publiques"
dette_trimestrielle,2021-Q3,mdeur,2846.6,milliards d'euros courants,"INSEE, dette de Maastricht des administrations publiques"
dette_trimestrielle,2021-Q4,mdeur,2828.8,milliards d'euros courants,"INSEE, dette de Maastricht des administrations publiques"
dette_trimestrielle,2022-Q1,mdeur,2916.9,milliards d'euros courants,"INSEE, dette de Maastricht des administrations publiques"
dette_trimestrielle,2022-Q2,mdeur,2922.8,milliards d'euros courants,"INSEE, dette de Maastricht des administrations publiques"
dette_trimestrielle,2022-Q3,mdeur,2962.7,milliards d'euros courants,"INSEE, dette de Maastricht des administrations publiques"
dette_trimestrielle,2022-Q4,mdeur,2955.6,milliards d'euros courants,"INSEE, dette de Maastricht des administrations publiques"
dette_trimestrielle,2023-Q1,mdeur,3021.1,milliards d'euros courants,"INSEE, dette de Maastricht des administrations publiques"
dette_trimestrielle,2023-Q2,mdeur,3055.9,milliards d'euros courants,"INSEE, dette de Maastricht des administrations publiques"
dette_trimestrielle,2023-Q3,mdeur,3095.8,milliards d'euros courants,"INSEE, dette de Maastricht des administrations publiques"
dette_trimestrielle,2023-Q4,mdeur,3103.2,milliards d'euros courants,"INSEE, dette de Maastricht des administrations publiques"
dette_trimestrielle,2024-Q1,mdeur,3163.0,milliards d'euros courants,"INSEE, dette de Maastricht des administrations publiques"
dette_trimestrielle,2024-Q2,mdeur,3232.4,milliards d'euros courants,"INSEE, dette de Maastricht des administrations publiques"
dette_trimestrielle,2024-Q3,mdeur,3303.0,milliards d'euros courants,"INSEE, dette de Maastricht des administrations publiques"
dette_trimestrielle,2024-Q4,mdeur,3306.1,milliards d'euros courants,"INSEE, dette de Maastricht des administrations publiques"
dette_trimestrielle,2025-Q1,mdeur,3346.3,milliards d'euros courants,"INSEE, dette de Maastricht des administrations publiques"
dette_trimestrielle,2025-Q2,mdeur,3417.2,milliards d'euros courants,"INSEE, dette de Maastricht des administrations publiques"
dette_trimestrielle,2025-Q3,mdeur,3484.1,milliards d'euros courants,"INSEE, dette de Maastricht des administrations publiques"
dette_trimestrielle,2025-Q4,mdeur,3460.1,milliards d'euros courants,"INSEE, dette de Maastricht des administrations publiques"
dette_trimestrielle,2026-Q1,mdeur,3535.9,milliards d'euros courants,"INSEE, dette de Maastricht des administrations publiques"
dette_trimestrielle,2026-Q2,mdeur,3595.5,milliards d'euros courants,"INSEE, dette de Maastricht des administrations publiques"
dette_trimestrielle,1995-Q4,pct_pib,57.8,% du PIB,"INSEE, dette de Maastricht des administrations publiques"
dette_trimestrielle,1996-Q1,pct_pib,58.6,% du PIB,"INSEE, dette de Maastricht des administrations publiques"
dette_trimestrielle,1996-Q2,pct_pib,59.3,% du PIB,"INSEE, dette de Maastricht des administrations publiques"
dette_trimestrielle,1996-Q3,pct_pib,60.0,% du PIB,"INSEE, dette de Maastricht des administrations publiques"
dette_trimestrielle,1996-Q4,pct_pib,60.6,% du PIB,"INSEE, dette de Maastricht des administrations publiques"
dette_trimestrielle,1997-Q1,pct_pib,60.8,% du PIB,"INSEE, dette de Maastricht des administrations publiques"
dette_trimestrielle,1997-Q2,pct_pib,63.0,% du PIB,"INSEE, dette de Maastricht des administrations publiques"
dette_trimestrielle,1997-Q3,pct_pib,63.0,% du PIB,"INSEE, dette de Maastricht des administrations publiques"
dette_trimestrielle,1997-Q4,pct_pib,62.0,% du PIB,"INSEE, dette de Maastricht des administrations publiques"
dette_trimestrielle,1998-Q1,pct_pib,61.2,% du PIB,"INSEE, dette de Maastricht des administrations publiques"
dette_trimestrielle,1998-Q2,pct_pib,61.3,% du PIB,"INSEE, dette de Maastricht des administrations publiques"
dette_trimestrielle,1998-Q3,pct_pib,62.6,% du PIB,"INSEE, dette de Maastricht des administrations publiques"
dette_trimestrielle,1998-Q4,pct_pib,62.1,% du PIB,"INSEE, dette de Maastricht des administrations publiques"
dette_trimestrielle,1999-Q1,pct_pib,62.3,% du PIB,"INSEE, dette de Maastricht des administrations publiques"
dette_trimestrielle,1999-Q2,pct_pib,61.8,% du PIB,"INSEE, dette de Maastricht des administrations publiques"
dette_trimestrielle,1999-Q3,pct_pib,62.1,% du PIB,"INSEE, dette de Maastricht des administrations publiques"
dette_trimestrielle,1999-Q4,pct_pib,61.4,% du PIB,"INSEE, dette de Maastricht des administrations publiques"
dette_trimestrielle,2000-Q1,pct_pib,60.5,% du PIB,"INSEE, dette de Maastricht des administrations publiques"
dette_trimestrielle,2000-Q2,pct_pib,60.4,% du PIB,"INSEE, dette de Maastricht des administrations publiques"
dette_trimestrielle,2000-Q3,pct_pib,59.8,% du PIB,"INSEE, dette de Maastricht des administrations publiques"
dette_trimestrielle,2000-Q4,pct_pib,59.7,% du PIB,"INSEE, dette de Maastricht des administrations publiques"
dette_trimestrielle,2001-Q1,pct_pib,58.7,% du PIB,"INSEE, dette de Maastricht des administrations publiques"
dette_trimestrielle,2001-Q2,pct_pib,59.6,% du PIB,"INSEE, dette de Maastricht des administrations publiques"
dette_trimestrielle,2001-Q3,pct_pib,59.7,% du PIB,"INSEE, dette de Maastricht des administrations publiques"
dette_trimestrielle,2001-Q4,pct_pib,59.3,% du PIB,"INSEE, dette de Maastricht des administrations publiques"
dette_trimestrielle,2002-Q1,pct_pib,59.6,% du PIB,"INSEE, dette de Maastricht des administrations publiques"
dette_trimestrielle,2002-Q2,pct_pib,60.9,% du PIB,"INSEE, dette de Maastricht des administrations publiques"
dette_trimestrielle,2002-Q3,pct_pib,60.7,% du PIB,"INSEE, dette de Maastricht des administrations publiques"
dette_trimestrielle,2002-Q4,pct_pib,61.3,% du PIB,"INSEE, dette de Maastricht des administrations publiques"
dette_trimestrielle,2003-Q1,pct_pib,62.7,% du PIB,"INSEE, dette de Maastricht des administrations publiques"
dette_trimestrielle,2003-Q2,pct_pib,64.9,% du PIB,"INSEE, dette de Maastricht des administrations publiques"
dette_trimestrielle,2003-Q3,pct_pib,65.4,% du PIB,"INSEE, dette de Maastricht des administrations publiques"
dette_trimestrielle,2003-Q4,pct_pib,65.4,% du PIB,"INSEE, dette de Maastricht des administrations publiques"
dette_trimestrielle,2004-Q1,pct_pib,65.9,% du PIB,"INSEE, dette de Maastricht des administrations publiques"
dette_trimestrielle,2004-Q2,pct_pib,67.3,% du PIB,"INSEE, dette de Maastricht des administrations publiques"
dette_trimestrielle,2004-Q3,pct_pib,67.0,% du PIB,"INSEE, dette de Maastricht des administrations publiques"
dette_trimestrielle,2004-Q4,pct_pib,66.9,% du PIB,"INSEE, dette de Maastricht des administrations publiques"
dette_trimestrielle,2005-Q1,pct_pib,67.8,% du PIB,"INSEE, dette de Maastricht des administrations publiques"
dette_trimestrielle,2005-Q2,pct_pib,68.2,% du PIB,"INSEE, dette de Maastricht des administrations publiques"
dette_trimestrielle,2005-Q3,pct_pib,67.9,% du PIB,"INSEE, dette de Maastricht des administrations publiques"
dette_trimestrielle,2005-Q4,pct_pib,68.2,% du PIB,"INSEE, dette de Maastricht des administrations publiques"
dette_trimestrielle,2006-Q1,pct_pib,68.1,% du PIB,"INSEE, dette de Maastricht des administrations publiques"
dette_trimestrielle,2006-Q2,pct_pib,67.0,% du PIB,"INSEE, dette de Maastricht des administrations publiques"
dette_trimestrielle,2006-Q3,pct_pib,66.9,% du PIB,"INSEE, dette de Maastricht des administrations publiques"
dette_trimestrielle,2006-Q4,pct_pib,65.4,% du PIB,"INSEE, dette de Maastricht des administrations publiques"
dette_trimestrielle,2007-Q1,pct_pib,66.5,% du PIB,"INSEE, dette de Maastricht des administrations publiques"
dette_trimestrielle,2007-Q2,pct_pib,67.4,% du PIB,"INSEE, dette de Maastricht des administrations publiques"
dette_trimestrielle,2007-Q3,pct_pib,66.8,% du PIB,"INSEE, dette de Maastricht des administrations publiques"
dette_trimestrielle,2007-Q4,pct_pib,65.5,% du PIB,"INSEE, dette de Maastricht des administrations publiques"
dette_trimestrielle,2008-Q1,pct_pib,66.8,% du PIB,"INSEE, dette de Maastricht des administrations publiques"
dette_trimestrielle,2008-Q2,pct_pib,67.3,% du PIB,"INSEE, dette de Maastricht des administrations publiques"
dette_trimestrielle,2008-Q3,pct_pib,67.8,% du PIB,"INSEE, dette de Maastricht des administrations publiques"
dette_trimestrielle,2008-Q4,pct_pib,69.8,% du PIB,"INSEE, dette de Maastricht des administrations publiques"
dette_trimestrielle,2009-Q1,pct_pib,74.7,% du PIB,"INSEE, dette de Maastricht des administrations publiques"
dette_trimestrielle,2009-Q2,pct_pib,79.8,% du PIB,"INSEE, dette de Maastricht des administrations publiques"
dette_trimestrielle,2009-Q3,pct_pib,82.5,% du PIB,"INSEE, dette de Maastricht des administrations publiques"
dette_trimestrielle,2009-Q4,pct_pib,84.1,% du PIB,"INSEE, dette de Maastricht des administrations publiques"
dette_trimestrielle,2010-Q1,pct_pib,85.9,% du PIB,"INSEE, dette de Maastricht des administrations publiques"
dette_trimestrielle,2010-Q2,pct_pib,88.3,% du PIB,"INSEE, dette de Maastricht des administrations publiques"
dette_trimestrielle,2010-Q3,pct_pib,86.4,% du PIB,"INSEE, dette de Maastricht des administrations publiques"
dette_trimestrielle,2010-Q4,pct_pib,86.3,% du PIB,"INSEE, dette de Maastricht des administrations publiques"
dette_trimestrielle,2011-Q1,pct_pib,87.7,% du PIB,"INSEE, dette de Maastricht des administrations publiques"
dette_trimestrielle,2011-Q2,pct_pib,89.2,% du PIB,"INSEE, dette de Maastricht des administrations publiques"
dette_trimestrielle,2011-Q3,pct_pib,88.4,% du PIB,"INSEE, dette de Maastricht des administrations publiques"
dette_trimestrielle,2011-Q4,pct_pib,88.7,% du PIB,"INSEE, dette de Maastricht des administrations publiques"
dette_trimestrielle,2012-Q1,pct_pib,91.2,% du PIB,"INSEE, dette de Maastricht des administrations publiques"
dette_trimestrielle,2012-Q2,pct_pib,92.6,% du PIB,"INSEE, dette de Maastricht des administrations publiques"
dette_trimestrielle,2012-Q3,pct_pib,91.3,% du PIB,"INSEE, dette de Maastricht des administrations publiques"
dette_trimestrielle,2012-Q4,pct_pib,91.7,% du PIB,"INSEE, dette de Maastricht des administrations publiques"
dette_trimestrielle,2013-Q1,pct_pib,93.3,% du PIB,"INSEE, dette de Maastricht des administrations publiques"
dette_trimestrielle,2013-Q2,pct_pib,94.8,% du PIB,"INSEE, dette de Maastricht des administrations publiques"
dette_trimestrielle,2013-Q3,pct_pib,94.0,% du PIB,"INSEE, dette de Maastricht des administrations publiques"
dette_trimestrielle,2013-Q4,pct_pib,94.6,% du PIB,"INSEE, dette de Maastricht des administrations publiques"
dette_trimestrielle,2014-Q1,pct_pib,96.1,% du PIB,"INSEE, dette de Maastricht des administrations publiques"
dette_trimestrielle,2014-Q2,pct_pib,96.7,% du PIB,"INSEE, dette de Maastricht des administrations publiques"
dette_trimestrielle,2014-Q3,pct_pib,96.5,% du PIB,"INSEE, dette de Maastricht des administrations publiques"
dette_trimestrielle,2014-Q4,pct_pib,96.2,% du PIB,"INSEE, dette de Maastricht des administrations publiques"
dette_trimestrielle,2015-Q1,pct_pib,98.0,% du PIB,"INSEE, dette de Maastricht des administrations publiques"
dette_trimestrielle,2015-Q2,pct_pib,98.2,% du PIB,"INSEE, dette de Maastricht des administrations publiques"
dette_trimestrielle,2015-Q3,pct_pib,97.7,% du PIB,"INSEE, dette de Maastricht des administrations publiques"
dette_trimestrielle,2015-Q4,pct_pib,97.0,% du PIB,"INSEE, dette de Maastricht des administrations publiques"
dette_trimestrielle,2016-Q1,pct_pib,98.9,% du PIB,"INSEE, dette de Maastricht des administrations publiques"
dette_trimestrielle,2016-Q2,pct_pib,99.9,% du PIB,"INSEE, dette de Maastricht des administrations publiques"
dette_trimestrielle,2016-Q3,pct_pib,99.2,% du PIB,"INSEE, dette de Maastricht des administrations publiques"
dette_trimestrielle,2016-Q4,pct_pib,98.1,% du PIB,"INSEE, dette de Maastricht des administrations publiques"
dette_trimestrielle,2017-Q1,pct_pib,100.8,% du PIB,"INSEE, dette de Maastricht des administrations publiques"
dette_trimestrielle,2017-Q2,pct_pib,101.2,% du PIB,"INSEE, dette de Maastricht des administrations publiques"
dette_trimestrielle,2017-Q3,pct_pib,100.2,% du PIB,"INSEE, dette de Maastricht des administrations publiques"
dette_trimestrielle,2017-Q4,pct_pib,98.8,% du PIB,"INSEE, dette de Maastricht des administrations publiques"
dette_trimestrielle,2018-Q1,pct_pib,99.1,% du PIB,"INSEE, dette de Maastricht des administrations publiques"
dette_trimestrielle,2018-Q2,pct_pib,99.2,% du PIB,"INSEE, dette de Maastricht des administrations publiques"
dette_trimestrielle,2018-Q3,pct_pib,99.4,% du PIB,"INSEE, dette de Maastricht des administrations publiques"
dette_trimestrielle,2018-Q4,pct_pib,98.5,% du PIB,"INSEE, dette de Maastricht des administrations publiques"
dette_trimestrielle,2019-Q1,pct_pib,99.3,% du PIB,"INSEE, dette de Maastricht des administrations publiques"
dette_trimestrielle,2019-Q2,pct_pib,99.0,% du PIB,"INSEE, dette de Maastricht des administrations publiques"
dette_trimestrielle,2019-Q3,pct_pib,99.9,% du PIB,"INSEE, dette de Maastricht des administrations publiques"
dette_trimestrielle,2019-Q4,pct_pib,98.2,% du PIB,"INSEE, dette de Maastricht des administrations publiques"
dette_trimestrielle,2020-Q1,pct_pib,101.2,% du PIB,"INSEE, dette de Maastricht des administrations publiques"
dette_trimestrielle,2020-Q2,pct_pib,113.0,% du PIB,"INSEE, dette de Maastricht des administrations publiques"
dette_trimestrielle,2020-Q3,pct_pib,115.2,% du PIB,"INSEE, dette de Maastricht des administrations publiques"
dette_trimestrielle,2020-Q4,pct_pib,114.9,% du PIB,"INSEE, dette de Maastricht des administrations publiques"
dette_trimestrielle,2021-Q1,pct_pib,117.8,% du PIB,"INSEE, dette de Maastricht des administrations publiques"
dette_trimestrielle,2021-Q2,pct_pib,114.6,% du PIB,"INSEE, dette de Maastricht des administrations publiques"
dette_trimestrielle,2021-Q3,pct_pib,115.6,% du PIB,"INSEE, dette de Maastricht des administrations publiques"
dette_trimestrielle,2021-Q4,pct_pib,112.8,% du PIB,"INSEE, dette de Maastricht des administrations publiques"
dette_trimestrielle,2022-Q1,pct_pib,114.5,% du PIB,"INSEE, dette de Maastricht des administrations publiques"
dette_trimestrielle,2022-Q2,pct_pib,113.1,% du PIB,"INSEE, dette de Maastricht des administrations publiques"
dette_trimestrielle,2022-Q3,pct_pib,113.3,% du PIB,"INSEE, dette de Maastricht des administrations publiques"
dette_trimestrielle,2022-Q4,pct_pib,111.4,% du PIB,"INSEE, dette de Maastricht des administrations publiques"
dette_trimestrielle,2023-Q1,pct_pib,112.1,% du PIB,"INSEE, dette de Maastricht des administrations publiques"
dette_trimestrielle,2023-Q2,pct_pib,111.2,% du PIB,"INSEE, dette de Maastricht des administrations publiques"
dette_trimestrielle,2023-Q3,pct_pib,110.8,% du PIB,"INSEE, dette de Maastricht des administrations publiques"
dette_trimestrielle,2023-Q4,pct_pib,109.5,% du PIB,"INSEE, dette de Maastricht des administrations publiques"
dette_trimestrielle,2024-Q1,pct_pib,110.0,% du PIB,"INSEE, dette de Maastricht des administrations publiques"
dette_trimestrielle,2024-Q2,pct_pib,111.6,% du PIB,"INSEE, dette de Maastricht des administrations publiques"
dette_trimestrielle,2024-Q3,pct_pib,113.1,% du PIB,"INSEE, dette de Maastricht des administrations publiques"
dette_trimestrielle,2024-Q4,pct_pib,112.6,% du PIB,"INSEE, dette de Maastricht des administrations publiques"
dette_trimestrielle,2025-Q1,pct_pib,113.4,% du PIB,"INSEE, dette de Maastricht des administrations publiques"
dette_trimestrielle,2025-Q2,pct_pib,115.2,% du PIB,"INSEE, dette de Maastricht des administrations publiques"
dette_trimestrielle,2025-Q3,pct_pib,117.0,% du PIB,"INSEE, dette de Maastricht des administrations publiques"
dette_trimestrielle,2025-Q4,pct_pib,115.7,% du PIB,"INSEE, dette de Maastricht des administrations publiques"
dette_trimestrielle,2026-Q1,pct_pib,117.5,% du PIB,"INSEE, dette de Maastricht des administrations publiques"
dette_trimestrielle,2026-Q2,pct_pib,119.0,% du PIB,"INSEE, dette de Maastricht des administrations publiques"
dette_annuelle_longue,1978,pct_pib,21.6,% du PIB,"INSEE, dette de Maastricht des administrations publiques au 31 décembre — segment 1978-1995 issu du tableau 2830192 (comptes nationaux base 2020, clos), prolongé par la série trimestrielle (T4 de chaque année). Année de recouvrement contrôlée à chaque exécution."
dette_annuelle_longue,1979,pct_pib,21.6,% du PIB,"INSEE, dette de Maastricht des administrations publiques au 31 décembre — segment 1978-1995 issu du tableau 2830192 (comptes nationaux base 2020, clos), prolongé par la série trimestrielle (T4 de chaque année). Année de recouvrement contrôlée à chaque exécution."
dette_annuelle_longue,1980,pct_pib,21.3,% du PIB,"INSEE, dette de Maastricht des administrations publiques au 31 décembre — segment 1978-1995 issu du tableau 2830192 (comptes nationaux base 2020, clos), prolongé par la série trimestrielle (T4 de chaque année). Année de recouvrement contrôlée à chaque exécution."
dette_annuelle_longue,1981,pct_pib,22.6,% du PIB,"INSEE, dette de Maastricht des administrations publiques au 31 décembre — segment 1978-1995 issu du tableau 2830192 (comptes nationaux base 2020, clos), prolongé par la série trimestrielle (T4 de chaque année). Année de recouvrement contrôlée à chaque exécution."
dette_annuelle_longue,1982,pct_pib,26.2,% du PIB,"INSEE, dette de Maastricht des administrations publiques au 31 décembre — segment 1978-1995 issu du tableau 2830192 (comptes nationaux base 2020, clos), prolongé par la série trimestrielle (T4 de chaque année). Année de recouvrement contrôlée à chaque exécution."
dette_annuelle_longue,1983,pct_pib,27.7,% du PIB,"INSEE, dette de Maastricht des administrations publiques au 31 décembre — segment 1978-1995 issu du tableau 2830192 (comptes nationaux base 2020, clos), prolongé par la série trimestrielle (T4 de chaque année). Année de recouvrement contrôlée à chaque exécution."
dette_annuelle_longue,1984,pct_pib,30.2,% du PIB,"INSEE, dette de Maastricht des administrations publiques au 31 décembre — segment 1978-1995 issu du tableau 2830192 (comptes nationaux base 2020, clos), prolongé par la série trimestrielle (T4 de chaque année). Année de recouvrement contrôlée à chaque exécution."
dette_annuelle_longue,1985,pct_pib,31.9,% du PIB,"INSEE, dette de Maastricht des administrations publiques au 31 décembre — segment 1978-1995 issu du tableau 2830192 (comptes nationaux base 2020, clos), prolongé par la série trimestrielle (T4 de chaque année). Année de recouvrement contrôlée à chaque exécution."
dette_annuelle_longue,1986,pct_pib,32.4,% du PIB,"INSEE, dette de Maastricht des administrations publiques au 31 décembre — segment 1978-1995 issu du tableau 2830192 (comptes nationaux base 2020, clos), prolongé par la série trimestrielle (T4 de chaque année). Année de recouvrement contrôlée à chaque exécution."
dette_annuelle_longue,1987,pct_pib,34.8,% du PIB,"INSEE, dette de Maastricht des administrations publiques au 31 décembre — segment 1978-1995 issu du tableau 2830192 (comptes nationaux base 2020, clos), prolongé par la série trimestrielle (T4 de chaque année). Année de recouvrement contrôlée à chaque exécution."
dette_annuelle_longue,1988,pct_pib,34.7,% du PIB,"INSEE, dette de Maastricht des administrations publiques au 31 décembre — segment 1978-1995 issu du tableau 2830192 (comptes nationaux base 2020, clos), prolongé par la série trimestrielle (T4 de chaque année). Année de recouvrement contrôlée à chaque exécution."
dette_annuelle_longue,1989,pct_pib,35.5,% du PIB,"INSEE, dette de Maastricht des administrations publiques au 31 décembre — segment 1978-1995 issu du tableau 2830192 (comptes nationaux base 2020, clos), prolongé par la série trimestrielle (T4 de chaque année). Année de recouvrement contrôlée à chaque exécution."
dette_annuelle_longue,1990,pct_pib,36.8,% du PIB,"INSEE, dette de Maastricht des administrations publiques au 31 décembre — segment 1978-1995 issu du tableau 2830192 (comptes nationaux base 2020, clos), prolongé par la série trimestrielle (T4 de chaque année). Année de recouvrement contrôlée à chaque exécution."
dette_annuelle_longue,1991,pct_pib,37.8,% du PIB,"INSEE, dette de Maastricht des administrations publiques au 31 décembre — segment 1978-1995 issu du tableau 2830192 (comptes nationaux base 2020, clos), prolongé par la série trimestrielle (T4 de chaque année). Année de recouvrement contrôlée à chaque exécution."
dette_annuelle_longue,1992,pct_pib,41.7,% du PIB,"INSEE, dette de Maastricht des administrations publiques au 31 décembre — segment 1978-1995 issu du tableau 2830192 (comptes nationaux base 2020, clos), prolongé par la série trimestrielle (T4 de chaque année). Année de recouvrement contrôlée à chaque exécution."
dette_annuelle_longue,1993,pct_pib,48.2,% du PIB,"INSEE, dette de Maastricht des administrations publiques au 31 décembre — segment 1978-1995 issu du tableau 2830192 (comptes nationaux base 2020, clos), prolongé par la série trimestrielle (T4 de chaque année). Année de recouvrement contrôlée à chaque exécution."
dette_annuelle_longue,1994,pct_pib,51.6,% du PIB,"INSEE, dette de Maastricht des administrations publiques au 31 décembre — segment 1978-1995 issu du tableau 2830192 (comptes nationaux base 2020, clos), prolongé par la série trimestrielle (T4 de chaque année). Année de recouvrement contrôlée à chaque exécution."
dette_annuelle_longue,1995,pct_pib,57.8,% du PIB,"INSEE, dette de Maastricht des administrations publiques au 31 décembre — segment 1978-1995 issu du tableau 2830192 (comptes nationaux base 2020, clos), prolongé par la série trimestrielle (T4 de chaque année). Année de recouvrement contrôlée à chaque exécution."
dette_annuelle_longue,1996,pct_pib,60.6,% du PIB,"INSEE, dette de Maastricht des administrations publiques au 31 décembre — segment 1978-1995 issu du tableau 2830192 (comptes nationaux base 2020, clos), prolongé par la série trimestrielle (T4 de chaque année). Année de recouvrement contrôlée à chaque exécution."
dette_annuelle_longue,1997,pct_pib,62.0,% du PIB,"INSEE, dette de Maastricht des administrations publiques au 31 décembre — segment 1978-1995 issu du tableau 2830192 (comptes nationaux base 2020, clos), prolongé par la série trimestrielle (T4 de chaque année). Année de recouvrement contrôlée à chaque exécution."
dette_annuelle_longue,1998,pct_pib,62.1,% du PIB,"INSEE, dette de Maastricht des administrations publiques au 31 décembre — segment 1978-1995 issu du tableau 2830192 (comptes nationaux base 2020, clos), prolongé par la série trimestrielle (T4 de chaque année). Année de recouvrement contrôlée à chaque exécution."
dette_annuelle_longue,1999,pct_pib,61.4,% du PIB,"INSEE, dette de Maastricht des administrations publiques au 31 décembre — segment 1978-1995 issu du tableau 2830192 (comptes nationaux base 2020, clos), prolongé par la série trimestrielle (T4 de chaque année). Année de recouvrement contrôlée à chaque exécution."
dette_annuelle_longue,2000,pct_pib,59.7,% du PIB,"INSEE, dette de Maastricht des administrations publiques au 31 décembre — segment 1978-1995 issu du tableau 2830192 (comptes nationaux base 2020, clos), prolongé par la série trimestrielle (T4 de chaque année). Année de recouvrement contrôlée à chaque exécution."
dette_annuelle_longue,2001,pct_pib,59.3,% du PIB,"INSEE, dette de Maastricht des administrations publiques au 31 décembre — segment 1978-1995 issu du tableau 2830192 (comptes nationaux base 2020, clos), prolongé par la série trimestrielle (T4 de chaque année). Année de recouvrement contrôlée à chaque exécution."
dette_annuelle_longue,2002,pct_pib,61.3,% du PIB,"INSEE, dette de Maastricht des administrations publiques au 31 décembre — segment 1978-1995 issu du tableau 2830192 (comptes nationaux base 2020, clos), prolongé par la série trimestrielle (T4 de chaque année). Année de recouvrement contrôlée à chaque exécution."
dette_annuelle_longue,2003,pct_pib,65.4,% du PIB,"INSEE, dette de Maastricht des administrations publiques au 31 décembre — segment 1978-1995 issu du tableau 2830192 (comptes nationaux base 2020, clos), prolongé par la série trimestrielle (T4 de chaque année). Année de recouvrement contrôlée à chaque exécution."
dette_annuelle_longue,2004,pct_pib,66.9,% du PIB,"INSEE, dette de Maastricht des administrations publiques au 31 décembre — segment 1978-1995 issu du tableau 2830192 (comptes nationaux base 2020, clos), prolongé par la série trimestrielle (T4 de chaque année). Année de recouvrement contrôlée à chaque exécution."
dette_annuelle_longue,2005,pct_pib,68.2,% du PIB,"INSEE, dette de Maastricht des administrations publiques au 31 décembre — segment 1978-1995 issu du tableau 2830192 (comptes nationaux base 2020, clos), prolongé par la série trimestrielle (T4 de chaque année). Année de recouvrement contrôlée à chaque exécution."
dette_annuelle_longue,2006,pct_pib,65.4,% du PIB,"INSEE, dette de Maastricht des administrations publiques au 31 décembre — segment 1978-1995 issu du tableau 2830192 (comptes nationaux base 2020, clos), prolongé par la série trimestrielle (T4 de chaque année). Année de recouvrement contrôlée à chaque exécution."
dette_annuelle_longue,2007,pct_pib,65.5,% du PIB,"INSEE, dette de Maastricht des administrations publiques au 31 décembre — segment 1978-1995 issu du tableau 2830192 (comptes nationaux base 2020, clos), prolongé par la série trimestrielle (T4 de chaque année). Année de recouvrement contrôlée à chaque exécution."
dette_annuelle_longue,2008,pct_pib,69.8,% du PIB,"INSEE, dette de Maastricht des administrations publiques au 31 décembre — segment 1978-1995 issu du tableau 2830192 (comptes nationaux base 2020, clos), prolongé par la série trimestrielle (T4 de chaque année). Année de recouvrement contrôlée à chaque exécution."
dette_annuelle_longue,2009,pct_pib,84.1,% du PIB,"INSEE, dette de Maastricht des administrations publiques au 31 décembre — segment 1978-1995 issu du tableau 2830192 (comptes nationaux base 2020, clos), prolongé par la série trimestrielle (T4 de chaque année). Année de recouvrement contrôlée à chaque exécution."
dette_annuelle_longue,2010,pct_pib,86.3,% du PIB,"INSEE, dette de Maastricht des administrations publiques au 31 décembre — segment 1978-1995 issu du tableau 2830192 (comptes nationaux base 2020, clos), prolongé par la série trimestrielle (T4 de chaque année). Année de recouvrement contrôlée à chaque exécution."
dette_annuelle_longue,2011,pct_pib,88.7,% du PIB,"INSEE, dette de Maastricht des administrations publiques au 31 décembre — segment 1978-1995 issu du tableau 2830192 (comptes nationaux base 2020, clos), prolongé par la série trimestrielle (T4 de chaque année). Année de recouvrement contrôlée à chaque exécution."
dette_annuelle_longue,2012,pct_pib,91.7,% du PIB,"INSEE, dette de Maastricht des administrations publiques au 31 décembre — segment 1978-1995 issu du tableau 2830192 (comptes nationaux base 2020, clos), prolongé par la série trimestrielle (T4 de chaque année). Année de recouvrement contrôlée à chaque exécution."
dette_annuelle_longue,2013,pct_pib,94.6,% du PIB,"INSEE, dette de Maastricht des administrations publiques au 31 décembre — segment 1978-1995 issu du tableau 2830192 (comptes nationaux base 2020, clos), prolongé par la série trimestrielle (T4 de chaque année). Année de recouvrement contrôlée à chaque exécution."
dette_annuelle_longue,2014,pct_pib,96.2,% du PIB,"INSEE, dette de Maastricht des administrations publiques au 31 décembre — segment 1978-1995 issu du tableau 2830192 (comptes nationaux base 2020, clos), prolongé par la série trimestrielle (T4 de chaque année). Année de recouvrement contrôlée à chaque exécution."
dette_annuelle_longue,2015,pct_pib,97.0,% du PIB,"INSEE, dette de Maastricht des administrations publiques au 31 décembre — segment 1978-1995 issu du tableau 2830192 (comptes nationaux base 2020, clos), prolongé par la série trimestrielle (T4 de chaque année). Année de recouvrement contrôlée à chaque exécution."
dette_annuelle_longue,2016,pct_pib,98.1,% du PIB,"INSEE, dette de Maastricht des administrations publiques au 31 décembre — segment 1978-1995 issu du tableau 2830192 (comptes nationaux base 2020, clos), prolongé par la série trimestrielle (T4 de chaque année). Année de recouvrement contrôlée à chaque exécution."
dette_annuelle_longue,2017,pct_pib,98.8,% du PIB,"INSEE, dette de Maastricht des administrations publiques au 31 décembre — segment 1978-1995 issu du tableau 2830192 (comptes nationaux base 2020, clos), prolongé par la série trimestrielle (T4 de chaque année). Année de recouvrement contrôlée à chaque exécution."
dette_annuelle_longue,2018,pct_pib,98.5,% du PIB,"INSEE, dette de Maastricht des administrations publiques au 31 décembre — segment 1978-1995 issu du tableau 2830192 (comptes nationaux base 2020, clos), prolongé par la série trimestrielle (T4 de chaque année). Année de recouvrement contrôlée à chaque exécution."
dette_annuelle_longue,2019,pct_pib,98.2,% du PIB,"INSEE, dette de Maastricht des administrations publiques au 31 décembre — segment 1978-1995 issu du tableau 2830192 (comptes nationaux base 2020, clos), prolongé par la série trimestrielle (T4 de chaque année). Année de recouvrement contrôlée à chaque exécution."
dette_annuelle_longue,2020,pct_pib,114.9,% du PIB,"INSEE, dette de Maastricht des administrations publiques au 31 décembre — segment 1978-1995 issu du tableau 2830192 (comptes nationaux base 2020, clos), prolongé par la série trimestrielle (T4 de chaque année). Année de recouvrement contrôlée à chaque exécution."
dette_annuelle_longue,2021,pct_pib,112.8,% du PIB,"INSEE, dette de Maastricht des administrations publiques au 31 décembre — segment 1978-1995 issu du tableau 2830192 (comptes nationaux base 2020, clos), prolongé par la série trimestrielle (T4 de chaque année). Année de recouvrement contrôlée à chaque exécution."
dette_annuelle_longue,2022,pct_pib,111.4,% du PIB,"INSEE, dette de Maastricht des administrations publiques au 31 décembre — segment 1978-1995 issu du tableau 2830192 (comptes nationaux base 2020, clos), prolongé par la série trimestrielle (T4 de chaque année). Année de recouvrement contrôlée à chaque exécution."
dette_annuelle_longue,2023,pct_pib,109.5,% du PIB,"INSEE, dette de Maastricht des administrations publiques au 31 décembre — segment 1978-1995 issu du tableau 2830192 (comptes nationaux base 2020, clos), prolongé par la série trimestrielle (T4 de chaque année). Année de recouvrement contrôlée à chaque exécution."
dette_annuelle_longue,2024,pct_pib,112.6,% du PIB,"INSEE, dette de Maastricht des administrations publiques au 31 décembre — segment 1978-1995 issu du tableau 2830192 (comptes nationaux base 2020, clos), prolongé par la série trimestrielle (T4 de chaque année). Année de recouvrement contrôlée à chaque exécution."
dette_annuelle_longue,2025,pct_pib,115.7,% du PIB,"INSEE, dette de Maastricht des administrations publiques au 31 décembre — segment 1978-1995 issu du tableau 2830192 (comptes nationaux base 2020, clos), prolongé par la série trimestrielle (T4 de chaque année). Année de recouvrement contrôlée à chaque exécution."
interets_annuels,1995,mdeur,42.2,milliards d'euros courants,"Eurostat, gov_10a_main — intérêts versés (D41PAY) par les administrations publiques (S13), France"
interets_annuels,1996,mdeur,45.5,milliards d'euros courants,"Eurostat, gov_10a_main — intérêts versés (D41PAY) par les administrations publiques (S13), France"
interets_annuels,1997,mdeur,45.4,milliards d'euros courants,"Eurostat, gov_10a_main — intérêts versés (D41PAY) par les administrations publiques (S13), France"
interets_annuels,1998,mdeur,45.3,milliards d'euros courants,"Eurostat, gov_10a_main — intérêts versés (D41PAY) par les administrations publiques (S13), France"
interets_annuels,1999,mdeur,42.9,milliards d'euros courants,"Eurostat, gov_10a_main — intérêts versés (D41PAY) par les administrations publiques (S13), France"
interets_annuels,2000,mdeur,43.6,milliards d'euros courants,"Eurostat, gov_10a_main — intérêts versés (D41PAY) par les administrations publiques (S13), France"
interets_annuels,2001,mdeur,46.7,milliards d'euros courants,"Eurostat, gov_10a_main — intérêts versés (D41PAY) par les administrations publiques (S13), France"
interets_annuels,2002,mdeur,47.8,milliards d'euros courants,"Eurostat, gov_10a_main — intérêts versés (D41PAY) par les administrations publiques (S13), France"
interets_annuels,2003,mdeur,46.7,milliards d'euros courants,"Eurostat, gov_10a_main — intérêts versés (D41PAY) par les administrations publiques (S13), France"
interets_annuels,2004,mdeur,47.5,milliards d'euros courants,"Eurostat, gov_10a_main — intérêts versés (D41PAY) par les administrations publiques (S13), France"
interets_annuels,2005,mdeur,47.8,milliards d'euros courants,"Eurostat, gov_10a_main — intérêts versés (D41PAY) par les administrations publiques (S13), France"
interets_annuels,2006,mdeur,48.1,milliards d'euros courants,"Eurostat, gov_10a_main — intérêts versés (D41PAY) par les administrations publiques (S13), France"
interets_annuels,2007,mdeur,52.1,milliards d'euros courants,"Eurostat, gov_10a_main — intérêts versés (D41PAY) par les administrations publiques (S13), France"
interets_annuels,2008,mdeur,57.2,milliards d'euros courants,"Eurostat, gov_10a_main — intérêts versés (D41PAY) par les administrations publiques (S13), France"
interets_annuels,2009,mdeur,49.3,milliards d'euros courants,"Eurostat, gov_10a_main — intérêts versés (D41PAY) par les administrations publiques (S13), France"
interets_annuels,2010,mdeur,50.7,milliards d'euros courants,"Eurostat, gov_10a_main — intérêts versés (D41PAY) par les administrations publiques (S13), France"
interets_annuels,2011,mdeur,56.0,milliards d'euros courants,"Eurostat, gov_10a_main — intérêts versés (D41PAY) par les administrations publiques (S13), France"
interets_annuels,2012,mdeur,54.9,milliards d'euros courants,"Eurostat, gov_10a_main — intérêts versés (D41PAY) par les administrations publiques (S13), France"
interets_annuels,2013,mdeur,49.4,milliards d'euros courants,"Eurostat, gov_10a_main — intérêts versés (D41PAY) par les administrations publiques (S13), France"
interets_annuels,2014,mdeur,47.3,milliards d'euros courants,"Eurostat, gov_10a_main — intérêts versés (D41PAY) par les administrations publiques (S13), France"
interets_annuels,2015,mdeur,44.7,milliards d'euros courants,"Eurostat, gov_10a_main — intérêts versés (D41PAY) par les administrations publiques (S13), France"
interets_annuels,2016,mdeur,42.4,milliards d'euros courants,"Eurostat, gov_10a_main — intérêts versés (D41PAY) par les administrations publiques (S13), France"
interets_annuels,2017,mdeur,41.0,milliards d'euros courants,"Eurostat, gov_10a_main — intérêts versés (D41PAY) par les administrations publiques (S13), France"
interets_annuels,2018,mdeur,41.7,milliards d'euros courants,"Eurostat, gov_10a_main — intérêts versés (D41PAY) par les administrations publiques (S13), France"
interets_annuels,2019,mdeur,36.9,milliards d'euros courants,"Eurostat, gov_10a_main — intérêts versés (D41PAY) par les administrations publiques (S13), France"
interets_annuels,2020,mdeur,29.7,milliards d'euros courants,"Eurostat, gov_10a_main — intérêts versés (D41PAY) par les administrations publiques (S13), France"
interets_annuels,2021,mdeur,34.8,milliards d'euros courants,"Eurostat, gov_10a_main — intérêts versés (D41PAY) par les administrations publiques (S13), France"
interets_annuels,2022,mdeur,50.9,milliards d'euros courants,"Eurostat, gov_10a_main — intérêts versés (D41PAY) par les administrations publiques (S13), France"
interets_annuels,2023,mdeur,53.4,milliards d'euros courants,"Eurostat, gov_10a_main — intérêts versés (D41PAY) par les administrations publiques (S13), France"
interets_annuels,2024,mdeur,60.1,milliards d'euros courants,"Eurostat, gov_10a_main — intérêts versés (D41PAY) par les administrations publiques (S13), France"
interets_annuels,2025,mdeur,66.6,milliards d'euros courants,"Eurostat, gov_10a_main — intérêts versés (D41PAY) par les administrations publiques (S13), France"
interets_annuels,1995,pct_pib,3.5,% du PIB,"Eurostat, gov_10a_main — intérêts versés (D41PAY) par les administrations publiques (S13), France"
interets_annuels,1996,pct_pib,3.6,% du PIB,"Eurostat, gov_10a_main — intérêts versés (D41PAY) par les administrations publiques (S13), France"
interets_annuels,1997,pct_pib,3.6,% du PIB,"Eurostat, gov_10a_main — intérêts versés (D41PAY) par les administrations publiques (S13), France"
interets_annuels,1998,pct_pib,3.4,% du PIB,"Eurostat, gov_10a_main — intérêts versés (D41PAY) par les administrations publiques (S13), France"
interets_annuels,1999,pct_pib,3.1,% du PIB,"Eurostat, gov_10a_main — intérêts versés (D41PAY) par les administrations publiques (S13), France"
interets_annuels,2000,pct_pib,3.0,% du PIB,"Eurostat, gov_10a_main — intérêts versés (D41PAY) par les administrations publiques (S13), France"
interets_annuels,2001,pct_pib,3.1,% du PIB,"Eurostat, gov_10a_main — intérêts versés (D41PAY) par les administrations publiques (S13), France"
interets_annuels,2002,pct_pib,3.0,% du PIB,"Eurostat, gov_10a_main — intérêts versés (D41PAY) par les administrations publiques (S13), France"
interets_annuels,2003,pct_pib,2.9,% du PIB,"Eurostat, gov_10a_main — intérêts versés (D41PAY) par les administrations publiques (S13), France"
interets_annuels,2004,pct_pib,2.8,% du PIB,"Eurostat, gov_10a_main — intérêts versés (D41PAY) par les administrations publiques (S13), France"
interets_annuels,2005,pct_pib,2.7,% du PIB,"Eurostat, gov_10a_main — intérêts versés (D41PAY) par les administrations publiques (S13), France"
interets_annuels,2006,pct_pib,2.6,% du PIB,"Eurostat, gov_10a_main — intérêts versés (D41PAY) par les administrations publiques (S13), France"
interets_annuels,2007,pct_pib,2.7,% du PIB,"Eurostat, gov_10a_main — intérêts versés (D41PAY) par les administrations publiques (S13), France"
interets_annuels,2008,pct_pib,2.9,% du PIB,"Eurostat, gov_10a_main — intérêts versés (D41PAY) par les administrations publiques (S13), France"
interets_annuels,2009,pct_pib,2.5,% du PIB,"Eurostat, gov_10a_main — intérêts versés (D41PAY) par les administrations publiques (S13), France"
interets_annuels,2010,pct_pib,2.5,% du PIB,"Eurostat, gov_10a_main — intérêts versés (D41PAY) par les administrations publiques (S13), France"
interets_annuels,2011,pct_pib,2.7,% du PIB,"Eurostat, gov_10a_main — intérêts versés (D41PAY) par les administrations publiques (S13), France"
interets_annuels,2012,pct_pib,2.6,% du PIB,"Eurostat, gov_10a_main — intérêts versés (D41PAY) par les administrations publiques (S13), France"
interets_annuels,2013,pct_pib,2.3,% du PIB,"Eurostat, gov_10a_main — intérêts versés (D41PAY) par les administrations publiques (S13), France"
interets_annuels,2014,pct_pib,2.2,% du PIB,"Eurostat, gov_10a_main — intérêts versés (D41PAY) par les administrations publiques (S13), France"
interets_annuels,2015,pct_pib,2.0,% du PIB,"Eurostat, gov_10a_main — intérêts versés (D41PAY) par les administrations publiques (S13), France"
interets_annuels,2016,pct_pib,1.9,% du PIB,"Eurostat, gov_10a_main — intérêts versés (D41PAY) par les administrations publiques (S13), France"
interets_annuels,2017,pct_pib,1.8,% du PIB,"Eurostat, gov_10a_main — intérêts versés (D41PAY) par les administrations publiques (S13), France"
interets_annuels,2018,pct_pib,1.8,% du PIB,"Eurostat, gov_10a_main — intérêts versés (D41PAY) par les administrations publiques (S13), France"
interets_annuels,2019,pct_pib,1.5,% du PIB,"Eurostat, gov_10a_main — intérêts versés (D41PAY) par les administrations publiques (S13), France"
interets_annuels,2020,pct_pib,1.3,% du PIB,"Eurostat, gov_10a_main — intérêts versés (D41PAY) par les administrations publiques (S13), France"
interets_annuels,2021,pct_pib,1.4,% du PIB,"Eurostat, gov_10a_main — intérêts versés (D41PAY) par les administrations publiques (S13), France"
interets_annuels,2022,pct_pib,1.9,% du PIB,"Eurostat, gov_10a_main — intérêts versés (D41PAY) par les administrations publiques (S13), France"
interets_annuels,2023,pct_pib,1.9,% du PIB,"Eurostat, gov_10a_main — intérêts versés (D41PAY) par les administrations publiques (S13), France"
interets_annuels,2024,pct_pib,2.0,% du PIB,"Eurostat, gov_10a_main — intérêts versés (D41PAY) par les administrations publiques (S13), France"
interets_annuels,2025,pct_pib,2.2,% du PIB,"Eurostat, gov_10a_main — intérêts versés (D41PAY) par les administrations publiques (S13), France"
interets_annuels,1996,taux_apparent_pct,6.49,% par an (taux implicite),"Eurostat, gov_10a_main — intérêts versés (D41PAY) par les administrations publiques (S13), France"
interets_annuels,1997,taux_apparent_pct,6.01,% par an (taux implicite),"Eurostat, gov_10a_main — intérêts versés (D41PAY) par les administrations publiques (S13), France"
interets_annuels,1998,taux_apparent_pct,5.67,% par an (taux implicite),"Eurostat, gov_10a_main — intérêts versés (D41PAY) par les administrations publiques (S13), France"
interets_annuels,1999,taux_apparent_pct,5.13,% par an (taux implicite),"Eurostat, gov_10a_main — intérêts versés (D41PAY) par les administrations publiques (S13), France"
interets_annuels,2000,taux_apparent_pct,5.09,% par an (taux implicite),"Eurostat, gov_10a_main — intérêts versés (D41PAY) par les administrations publiques (S13), France"
interets_annuels,2001,taux_apparent_pct,5.31,% par an (taux implicite),"Eurostat, gov_10a_main — intérêts versés (D41PAY) par les administrations publiques (S13), France"
interets_annuels,2002,taux_apparent_pct,5.27,% par an (taux implicite),"Eurostat, gov_10a_main — intérêts versés (D41PAY) par les administrations publiques (S13), France"
interets_annuels,2003,taux_apparent_pct,4.83,% par an (taux implicite),"Eurostat, gov_10a_main — intérêts versés (D41PAY) par les administrations publiques (S13), France"
interets_annuels,2004,taux_apparent_pct,4.48,% par an (taux implicite),"Eurostat, gov_10a_main — intérêts versés (D41PAY) par les administrations publiques (S13), France"
interets_annuels,2005,taux_apparent_pct,4.21,% par an (taux implicite),"Eurostat, gov_10a_main — intérêts versés (D41PAY) par les administrations publiques (S13), France"
interets_annuels,2006,taux_apparent_pct,4.0,% par an (taux implicite),"Eurostat, gov_10a_main — intérêts versés (D41PAY) par les administrations publiques (S13), France"
interets_annuels,2007,taux_apparent_pct,4.32,% par an (taux implicite),"Eurostat, gov_10a_main — intérêts versés (D41PAY) par les administrations publiques (S13), France"
interets_annuels,2008,taux_apparent_pct,4.51,% par an (taux implicite),"Eurostat, gov_10a_main — intérêts versés (D41PAY) par les administrations publiques (S13), France"
interets_annuels,2009,taux_apparent_pct,3.55,% par an (taux implicite),"Eurostat, gov_10a_main — intérêts versés (D41PAY) par les administrations publiques (S13), France"
interets_annuels,2010,taux_apparent_pct,3.12,% par an (taux implicite),"Eurostat, gov_10a_main — intérêts versés (D41PAY) par les administrations publiques (S13), France"
interets_annuels,2011,taux_apparent_pct,3.25,% par an (taux implicite),"Eurostat, gov_10a_main — intérêts versés (D41PAY) par les administrations publiques (S13), France"
interets_annuels,2012,taux_apparent_pct,3.0,% par an (taux implicite),"Eurostat, gov_10a_main — intérêts versés (D41PAY) par les administrations publiques (S13), France"
interets_annuels,2013,taux_apparent_pct,2.58,% par an (taux implicite),"Eurostat, gov_10a_main — intérêts versés (D41PAY) par les administrations publiques (S13), France"
interets_annuels,2014,taux_apparent_pct,2.36,% par an (taux implicite),"Eurostat, gov_10a_main — intérêts versés (D41PAY) par les administrations publiques (S13), France"
interets_annuels,2015,taux_apparent_pct,2.16,% par an (taux implicite),"Eurostat, gov_10a_main — intérêts versés (D41PAY) par les administrations publiques (S13), France"
interets_annuels,2016,taux_apparent_pct,1.99,% par an (taux implicite),"Eurostat, gov_10a_main — intérêts versés (D41PAY) par les administrations publiques (S13), France"
interets_annuels,2017,taux_apparent_pct,1.87,% par an (taux implicite),"Eurostat, gov_10a_main — intérêts versés (D41PAY) par les administrations publiques (S13), France"
interets_annuels,2018,taux_apparent_pct,1.84,% par an (taux implicite),"Eurostat, gov_10a_main — intérêts versés (D41PAY) par les administrations publiques (S13), France"
interets_annuels,2019,taux_apparent_pct,1.59,% par an (taux implicite),"Eurostat, gov_10a_main — intérêts versés (D41PAY) par les administrations publiques (S13), France"
interets_annuels,2020,taux_apparent_pct,1.24,% par an (taux implicite),"Eurostat, gov_10a_main — intérêts versés (D41PAY) par les administrations publiques (S13), France"
interets_annuels,2021,taux_apparent_pct,1.31,% par an (taux implicite),"Eurostat, gov_10a_main — intérêts versés (D41PAY) par les administrations publiques (S13), France"
interets_annuels,2022,taux_apparent_pct,1.8,% par an (taux implicite),"Eurostat, gov_10a_main — intérêts versés (D41PAY) par les administrations publiques (S13), France"
interets_annuels,2023,taux_apparent_pct,1.81,% par an (taux implicite),"Eurostat, gov_10a_main — intérêts versés (D41PAY) par les administrations publiques (S13), France"
interets_annuels,2024,taux_apparent_pct,1.94,% par an (taux implicite),"Eurostat, gov_10a_main — intérêts versés (D41PAY) par les administrations publiques (S13), France"
interets_annuels,2025,taux_apparent_pct,2.01,% par an (taux implicite),"Eurostat, gov_10a_main — intérêts versés (D41PAY) par les administrations publiques (S13), France"
recettes_annuelles,1995,mdeur,621.6,milliards d'euros courants,"Eurostat, gov_10a_main — recettes totales (TR) des administrations publiques (S13), France"
recettes_annuelles,1996,mdeur,656.6,milliards d'euros courants,"Eurostat, gov_10a_main — recettes totales (TR) des administrations publiques (S13), France"
recettes_annuelles,1997,mdeur,663.4,milliards d'euros courants,"Eurostat, gov_10a_main — recettes totales (TR) des administrations publiques (S13), France"
recettes_annuelles,1998,mdeur,690.1,milliards d'euros courants,"Eurostat, gov_10a_main — recettes totales (TR) des administrations publiques (S13), France"
recettes_annuelles,1999,mdeur,727.0,milliards d'euros courants,"Eurostat, gov_10a_main — recettes totales (TR) des administrations publiques (S13), France"
recettes_annuelles,2000,mdeur,756.0,milliards d'euros courants,"Eurostat, gov_10a_main — recettes totales (TR) des administrations publiques (S13), France"
recettes_annuelles,2001,mdeur,786.5,milliards d'euros courants,"Eurostat, gov_10a_main — recettes totales (TR) des administrations publiques (S13), France"
recettes_annuelles,2002,mdeur,801.0,milliards d'euros courants,"Eurostat, gov_10a_main — recettes totales (TR) des administrations publiques (S13), France"
recettes_annuelles,2003,mdeur,815.5,milliards d'euros courants,"Eurostat, gov_10a_main — recettes totales (TR) des administrations publiques (S13), France"
recettes_annuelles,2004,mdeur,855.6,milliards d'euros courants,"Eurostat, gov_10a_main — recettes totales (TR) des administrations publiques (S13), France"
recettes_annuelles,2005,mdeur,894.3,milliards d'euros courants,"Eurostat, gov_10a_main — recettes totales (TR) des administrations publiques (S13), France"
recettes_annuelles,2006,mdeur,943.2,milliards d'euros courants,"Eurostat, gov_10a_main — recettes totales (TR) des administrations publiques (S13), France"
recettes_annuelles,2007,mdeur,981.4,milliards d'euros courants,"Eurostat, gov_10a_main — recettes totales (TR) des administrations publiques (S13), France"
recettes_annuelles,2008,mdeur,1010.5,milliards d'euros courants,"Eurostat, gov_10a_main — recettes totales (TR) des administrations publiques (S13), France"
recettes_annuelles,2009,mdeur,979.8,milliards d'euros courants,"Eurostat, gov_10a_main — recettes totales (TR) des administrations publiques (S13), France"
recettes_annuelles,2010,mdeur,1009.2,milliards d'euros courants,"Eurostat, gov_10a_main — recettes totales (TR) des administrations publiques (S13), France"
recettes_annuelles,2011,mdeur,1066.3,milliards d'euros courants,"Eurostat, gov_10a_main — recettes totales (TR) des administrations publiques (S13), France"
recettes_annuelles,2012,mdeur,1101.0,milliards d'euros courants,"Eurostat, gov_10a_main — recettes totales (TR) des administrations publiques (S13), France"
recettes_annuelles,2013,mdeur,1137.6,milliards d'euros courants,"Eurostat, gov_10a_main — recettes totales (TR) des administrations publiques (S13), France"
recettes_annuelles,2014,mdeur,1159.1,milliards d'euros courants,"Eurostat, gov_10a_main — recettes totales (TR) des administrations publiques (S13), France"
recettes_annuelles,2015,mdeur,1182.3,milliards d'euros courants,"Eurostat, gov_10a_main — recettes totales (TR) des administrations publiques (S13), France"
recettes_annuelles,2016,mdeur,1196.6,milliards d'euros courants,"Eurostat, gov_10a_main — recettes totales (TR) des administrations publiques (S13), France"
recettes_annuelles,2017,mdeur,1244.4,milliards d'euros courants,"Eurostat, gov_10a_main — recettes totales (TR) des administrations publiques (S13), France"
recettes_annuelles,2018,mdeur,1273.0,milliards d'euros courants,"Eurostat, gov_10a_main — recettes totales (TR) des administrations publiques (S13), France"
recettes_annuelles,2019,mdeur,1287.9,milliards d'euros courants,"Eurostat, gov_10a_main — recettes totales (TR) des administrations publiques (S13), France"
recettes_annuelles,2020,mdeur,1223.3,milliards d'euros courants,"Eurostat, gov_10a_main — recettes totales (TR) des administrations publiques (S13), France"
recettes_annuelles,2021,mdeur,1326.2,milliards d'euros courants,"Eurostat, gov_10a_main — recettes totales (TR) des administrations publiques (S13), France"
recettes_annuelles,2022,mdeur,1424.4,milliards d'euros courants,"Eurostat, gov_10a_main — recettes totales (TR) des administrations publiques (S13), France"
recettes_annuelles,2023,mdeur,1456.4,milliards d'euros courants,"Eurostat, gov_10a_main — recettes totales (TR) des administrations publiques (S13), France"
recettes_annuelles,2024,mdeur,1503.6,milliards d'euros courants,"Eurostat, gov_10a_main — recettes totales (TR) des administrations publiques (S13), France"
recettes_annuelles,2025,mdeur,1561.6,milliards d'euros courants,"Eurostat, gov_10a_main — recettes totales (TR) des administrations publiques (S13), France"
depenses_fonction_annuelles,mdeur,GF0303,"{'1995': 3.1, '1996': 3.2, '1997': 3.1, '1998': 3.1, '1999': 3.2, '2000': 3.3, '2001': 3.6, '2002': 3.9, '2003': 4.0, '2004': 4.1, '2005': 4.2, '2006': 4.2, '2007': 4.3, '2008': 4.7, '2009': 4.9, '2010': 5.0, '2011': 5.0, '2012': 5.2, '2013': 5.1, '2014': 5.3, '2015': 5.6, '2016': 6.0, '2017': 5.9, '2018': 6.1, '2019': 6.3, '2020': 6.4, '2021': 6.9, '2022': 7.4, '2023': 8.1, '2024': 8.3}",,"Eurostat, gov_10a_exp — dépenses totales (TE) des administrations publiques (S13) par fonction COFOG, France"
depenses_fonction_annuelles,pct_pib,GF0303,"{'1995': 0.3, '1996': 0.3, '1997': 0.2, '1998': 0.2, '1999': 0.2, '2000': 0.2, '2001': 0.2, '2002': 0.2, '2003': 0.2, '2004': 0.2, '2005': 0.2, '2006': 0.2, '2007': 0.2, '2008': 0.2, '2009': 0.3, '2010': 0.3, '2011': 0.2, '2012': 0.2, '2013': 0.2, '2014': 0.2, '2015': 0.3, '2016': 0.3, '2017': 0.3, '2018': 0.3, '2019': 0.3, '2020': 0.3, '2021': 0.3, '2022': 0.3, '2023': 0.3, '2024': 0.3}",,"Eurostat, gov_10a_exp — dépenses totales (TE) des administrations publiques (S13) par fonction COFOG, France"
depenses_fonction_annuelles,mdeur,GF03,"{'1995': 18.1, '1996': 18.5, '1997': 18.2, '1998': 18.7, '1999': 19.5, '2000': 20.2, '2001': 22.5, '2002': 24.5, '2003': 25.7, '2004': 26.2, '2005': 26.9, '2006': 27.4, '2007': 28.5, '2008': 30.9, '2009': 32.3, '2010': 33.4, '2011': 33.7, '2012': 34.1, '2013': 34.5, '2014': 35.0, '2015': 35.8, '2016': 36.7, '2017': 37.8, '2018': 38.6, '2019': 40.2, '2020': 41.2, '2021': 42.8, '2022': 45.5, '2023': 48.7, '2024': 52.1}",,"Eurostat, gov_10a_exp — dépenses totales (TE) des administrations publiques (S13) par fonction COFOG, France"
depenses_fonction_annuelles,pct_pib,GF03,"{'1995': 1.5, '1996': 1.5, '1997': 1.4, '1998': 1.4, '1999': 1.4, '2000': 1.4, '2001': 1.5, '2002': 1.6, '2003': 1.6, '2004': 1.5, '2005': 1.5, '2006': 1.5, '2007': 1.5, '2008': 1.6, '2009': 1.7, '2010': 1.7, '2011': 1.6, '2012': 1.6, '2013': 1.6, '2014': 1.6, '2015': 1.6, '2016': 1.6, '2017': 1.7, '2018': 1.6, '2019': 1.7, '2020': 1.8, '2021': 1.7, '2022': 1.7, '2023': 1.7, '2024': 1.8}",,"Eurostat, gov_10a_exp — dépenses totales (TE) des administrations publiques (S13) par fonction COFOG, France"
depenses_fonction_annuelles,mdeur,GF07,"{'1995': 84.2, '1996': 88.5, '1997': 88.3, '1998': 91.9, '1999': 95.3, '2000': 101.7, '2001': 107.1, '2002': 115.0, '2003': 122.5, '2004': 129.3, '2005': 137.4, '2006': 142.1, '2007': 147.2, '2008': 150.7, '2009': 157.4, '2010': 162.5, '2011': 167.5, '2012': 170.5, '2013': 174.4, '2014': 179.6, '2015': 180.9, '2016': 184.6, '2017': 190.0, '2018': 193.5, '2019': 198.1, '2020': 208.0, '2021': 234.7, '2022': 240.8, '2023': 249.7, '2024': 261.2}",,"Eurostat, gov_10a_exp — dépenses totales (TE) des administrations publiques (S13) par fonction COFOG, France"
depenses_fonction_annuelles,pct_pib,GF07,"{'1995': 6.9, '1996': 7.0, '1997': 6.9, '1998': 6.9, '1999': 6.8, '2000': 6.9, '2001': 7.0, '2002': 7.3, '2003': 7.6, '2004': 7.6, '2005': 7.8, '2006': 7.7, '2007': 7.6, '2008': 7.6, '2009': 8.1, '2010': 8.1, '2011': 8.1, '2012': 8.2, '2013': 8.2, '2014': 8.3, '2015': 8.2, '2016': 8.3, '2017': 8.3, '2018': 8.2, '2019': 8.1, '2020': 9.0, '2021': 9.4, '2022': 9.1, '2023': 8.8, '2024': 8.9}",,"Eurostat, gov_10a_exp — dépenses totales (TE) des administrations publiques (S13) par fonction COFOG, France"
depenses_fonction_annuelles,mdeur,GF09,"{'1995': 70.3, '1996': 72.0, '1997': 72.6, '1998': 74.7, '1999': 78.8, '2000': 82.0, '2001': 85.5, '2002': 90.6, '2003': 92.9, '2004': 93.3, '2005': 96.3, '2006': 99.9, '2007': 101.5, '2008': 105.7, '2009': 109.1, '2010': 110.4, '2011': 110.0, '2012': 111.0, '2013': 112.6, '2014': 114.3, '2015': 115.8, '2016': 115.3, '2017': 118.7, '2018': 120.5, '2019': 122.4, '2020': 120.1, '2021': 127.1, '2022': 134.0, '2023': 141.6, '2024': 148.6}",,"Eurostat, gov_10a_exp — dépenses totales (TE) des administrations publiques (S13) par fonction COFOG, France"
depenses_fonction_annuelles,pct_pib,GF09,"{'1995': 5.8, '1996': 5.7, '1997': 5.7, '1998': 5.6, '1999': 5.6, '2000': 5.6, '2001': 5.6, '2002': 5.7, '2003': 5.7, '2004': 5.5, '2005': 5.5, '2006': 5.4, '2007': 5.2, '2008': 5.3, '2009': 5.6, '2010': 5.5, '2011': 5.3, '2012': 5.3, '2013': 5.3, '2014': 5.3, '2015': 5.3, '2016': 5.2, '2017': 5.2, '2018': 5.1, '2019': 5.0, '2020': 5.2, '2021': 5.1, '2022': 5.0, '2023': 5.0, '2024': 5.1}",,"Eurostat, gov_10a_exp — dépenses totales (TE) des administrations publiques (S13) par fonction COFOG, France"
taux_long_terme_annuels,1970,pct,8.04,"% par an, moyenne annuelle","Eurostat, irt_lt_mcby_a -- rendement des titres publics de reference a 10 ans (critere de convergence de Maastricht), France"
taux_long_terme_annuels,1971,pct,7.75,"% par an, moyenne annuelle","Eurostat, irt_lt_mcby_a -- rendement des titres publics de reference a 10 ans (critere de convergence de Maastricht), France"
taux_long_terme_annuels,1972,pct,7.35,"% par an, moyenne annuelle","Eurostat, irt_lt_mcby_a -- rendement des titres publics de reference a 10 ans (critere de convergence de Maastricht), France"
taux_long_terme_annuels,1973,pct,8.29,"% par an, moyenne annuelle","Eurostat, irt_lt_mcby_a -- rendement des titres publics de reference a 10 ans (critere de convergence de Maastricht), France"
taux_long_terme_annuels,1974,pct,10.45,"% par an, moyenne annuelle","Eurostat, irt_lt_mcby_a -- rendement des titres publics de reference a 10 ans (critere de convergence de Maastricht), France"
taux_long_terme_annuels,1975,pct,9.52,"% par an, moyenne annuelle","Eurostat, irt_lt_mcby_a -- rendement des titres publics de reference a 10 ans (critere de convergence de Maastricht), France"
taux_long_terme_annuels,1976,pct,9.33,"% par an, moyenne annuelle","Eurostat, irt_lt_mcby_a -- rendement des titres publics de reference a 10 ans (critere de convergence de Maastricht), France"
taux_long_terme_annuels,1977,pct,9.87,"% par an, moyenne annuelle","Eurostat, irt_lt_mcby_a -- rendement des titres publics de reference a 10 ans (critere de convergence de Maastricht), France"
taux_long_terme_annuels,1978,pct,9.5,"% par an, moyenne annuelle","Eurostat, irt_lt_mcby_a -- rendement des titres publics de reference a 10 ans (critere de convergence de Maastricht), France"
taux_long_terme_annuels,1979,pct,9.89,"% par an, moyenne annuelle","Eurostat, irt_lt_mcby_a -- rendement des titres publics de reference a 10 ans (critere de convergence de Maastricht), France"
taux_long_terme_annuels,1980,pct,13.13,"% par an, moyenne annuelle","Eurostat, irt_lt_mcby_a -- rendement des titres publics de reference a 10 ans (critere de convergence de Maastricht), France"
taux_long_terme_annuels,1981,pct,15.85,"% par an, moyenne annuelle","Eurostat, irt_lt_mcby_a -- rendement des titres publics de reference a 10 ans (critere de convergence de Maastricht), France"
taux_long_terme_annuels,1982,pct,15.65,"% par an, moyenne annuelle","Eurostat, irt_lt_mcby_a -- rendement des titres publics de reference a 10 ans (critere de convergence de Maastricht), France"
taux_long_terme_annuels,1983,pct,13.59,"% par an, moyenne annuelle","Eurostat, irt_lt_mcby_a -- rendement des titres publics de reference a 10 ans (critere de convergence de Maastricht), France"
taux_long_terme_annuels,1984,pct,12.49,"% par an, moyenne annuelle","Eurostat, irt_lt_mcby_a -- rendement des titres publics de reference a 10 ans (critere de convergence de Maastricht), France"
taux_long_terme_annuels,1985,pct,11.12,"% par an, moyenne annuelle","Eurostat, irt_lt_mcby_a -- rendement des titres publics de reference a 10 ans (critere de convergence de Maastricht), France"
taux_long_terme_annuels,1986,pct,8.54,"% par an, moyenne annuelle","Eurostat, irt_lt_mcby_a -- rendement des titres publics de reference a 10 ans (critere de convergence de Maastricht), France"
taux_long_terme_annuels,1987,pct,9.5,"% par an, moyenne annuelle","Eurostat, irt_lt_mcby_a -- rendement des titres publics de reference a 10 ans (critere de convergence de Maastricht), France"
taux_long_terme_annuels,1988,pct,9.08,"% par an, moyenne annuelle","Eurostat, irt_lt_mcby_a -- rendement des titres publics de reference a 10 ans (critere de convergence de Maastricht), France"
taux_long_terme_annuels,1989,pct,8.79,"% par an, moyenne annuelle","Eurostat, irt_lt_mcby_a -- rendement des titres publics de reference a 10 ans (critere de convergence de Maastricht), France"
taux_long_terme_annuels,1990,pct,9.94,"% par an, moyenne annuelle","Eurostat, irt_lt_mcby_a -- rendement des titres publics de reference a 10 ans (critere de convergence de Maastricht), France"
taux_long_terme_annuels,1991,pct,9.05,"% par an, moyenne annuelle","Eurostat, irt_lt_mcby_a -- rendement des titres publics de reference a 10 ans (critere de convergence de Maastricht), France"
taux_long_terme_annuels,1992,pct,8.59,"% par an, moyenne annuelle","Eurostat, irt_lt_mcby_a -- rendement des titres publics de reference a 10 ans (critere de convergence de Maastricht), France"
taux_long_terme_annuels,1993,pct,6.78,"% par an, moyenne annuelle","Eurostat, irt_lt_mcby_a -- rendement des titres publics de reference a 10 ans (critere de convergence de Maastricht), France"
taux_long_terme_annuels,1994,pct,7.22,"% par an, moyenne annuelle","Eurostat, irt_lt_mcby_a -- rendement des titres publics de reference a 10 ans (critere de convergence de Maastricht), France"
taux_long_terme_annuels,1995,pct,7.54,"% par an, moyenne annuelle","Eurostat, irt_lt_mcby_a -- rendement des titres publics de reference a 10 ans (critere de convergence de Maastricht), France"
taux_long_terme_annuels,1996,pct,6.31,"% par an, moyenne annuelle","Eurostat, irt_lt_mcby_a -- rendement des titres publics de reference a 10 ans (critere de convergence de Maastricht), France"
taux_long_terme_annuels,1997,pct,5.58,"% par an, moyenne annuelle","Eurostat, irt_lt_mcby_a -- rendement des titres publics de reference a 10 ans (critere de convergence de Maastricht), France"
taux_long_terme_annuels,1998,pct,4.64,"% par an, moyenne annuelle","Eurostat, irt_lt_mcby_a -- rendement des titres publics de reference a 10 ans (critere de convergence de Maastricht), France"
taux_long_terme_annuels,1999,pct,4.61,"% par an, moyenne annuelle","Eurostat, irt_lt_mcby_a -- rendement des titres publics de reference a 10 ans (critere de convergence de Maastricht), France"
taux_long_terme_annuels,2000,pct,5.39,"% par an, moyenne annuelle","Eurostat, irt_lt_mcby_a -- rendement des titres publics de reference a 10 ans (critere de convergence de Maastricht), France"
taux_long_terme_annuels,2001,pct,4.94,"% par an, moyenne annuelle","Eurostat, irt_lt_mcby_a -- rendement des titres publics de reference a 10 ans (critere de convergence de Maastricht), France"
taux_long_terme_annuels,2002,pct,4.86,"% par an, moyenne annuelle","Eurostat, irt_lt_mcby_a -- rendement des titres publics de reference a 10 ans (critere de convergence de Maastricht), France"
taux_long_terme_annuels,2003,pct,4.13,"% par an, moyenne annuelle","Eurostat, irt_lt_mcby_a -- rendement des titres publics de reference a 10 ans (critere de convergence de Maastricht), France"
taux_long_terme_annuels,2004,pct,4.1,"% par an, moyenne annuelle","Eurostat, irt_lt_mcby_a -- rendement des titres publics de reference a 10 ans (critere de convergence de Maastricht), France"
taux_long_terme_annuels,2005,pct,3.41,"% par an, moyenne annuelle","Eurostat, irt_lt_mcby_a -- rendement des titres publics de reference a 10 ans (critere de convergence de Maastricht), France"
taux_long_terme_annuels,2006,pct,3.8,"% par an, moyenne annuelle","Eurostat, irt_lt_mcby_a -- rendement des titres publics de reference a 10 ans (critere de convergence de Maastricht), France"
taux_long_terme_annuels,2007,pct,4.3,"% par an, moyenne annuelle","Eurostat, irt_lt_mcby_a -- rendement des titres publics de reference a 10 ans (critere de convergence de Maastricht), France"
taux_long_terme_annuels,2008,pct,4.23,"% par an, moyenne annuelle","Eurostat, irt_lt_mcby_a -- rendement des titres publics de reference a 10 ans (critere de convergence de Maastricht), France"
taux_long_terme_annuels,2009,pct,3.65,"% par an, moyenne annuelle","Eurostat, irt_lt_mcby_a -- rendement des titres publics de reference a 10 ans (critere de convergence de Maastricht), France"
taux_long_terme_annuels,2010,pct,3.12,"% par an, moyenne annuelle","Eurostat, irt_lt_mcby_a -- rendement des titres publics de reference a 10 ans (critere de convergence de Maastricht), France"
taux_long_terme_annuels,2011,pct,3.32,"% par an, moyenne annuelle","Eurostat, irt_lt_mcby_a -- rendement des titres publics de reference a 10 ans (critere de convergence de Maastricht), France"
taux_long_terme_annuels,2012,pct,2.54,"% par an, moyenne annuelle","Eurostat, irt_lt_mcby_a -- rendement des titres publics de reference a 10 ans (critere de convergence de Maastricht), France"
taux_long_terme_annuels,2013,pct,2.2,"% par an, moyenne annuelle","Eurostat, irt_lt_mcby_a -- rendement des titres publics de reference a 10 ans (critere de convergence de Maastricht), France"
taux_long_terme_annuels,2014,pct,1.67,"% par an, moyenne annuelle","Eurostat, irt_lt_mcby_a -- rendement des titres publics de reference a 10 ans (critere de convergence de Maastricht), France"
taux_long_terme_annuels,2015,pct,0.84,"% par an, moyenne annuelle","Eurostat, irt_lt_mcby_a -- rendement des titres publics de reference a 10 ans (critere de convergence de Maastricht), France"
taux_long_terme_annuels,2016,pct,0.47,"% par an, moyenne annuelle","Eurostat, irt_lt_mcby_a -- rendement des titres publics de reference a 10 ans (critere de convergence de Maastricht), France"
taux_long_terme_annuels,2017,pct,0.81,"% par an, moyenne annuelle","Eurostat, irt_lt_mcby_a -- rendement des titres publics de reference a 10 ans (critere de convergence de Maastricht), France"
taux_long_terme_annuels,2018,pct,0.78,"% par an, moyenne annuelle","Eurostat, irt_lt_mcby_a -- rendement des titres publics de reference a 10 ans (critere de convergence de Maastricht), France"
taux_long_terme_annuels,2019,pct,0.13,"% par an, moyenne annuelle","Eurostat, irt_lt_mcby_a -- rendement des titres publics de reference a 10 ans (critere de convergence de Maastricht), France"
taux_long_terme_annuels,2020,pct,-0.15,"% par an, moyenne annuelle","Eurostat, irt_lt_mcby_a -- rendement des titres publics de reference a 10 ans (critere de convergence de Maastricht), France"
taux_long_terme_annuels,2021,pct,0.01,"% par an, moyenne annuelle","Eurostat, irt_lt_mcby_a -- rendement des titres publics de reference a 10 ans (critere de convergence de Maastricht), France"
taux_long_terme_annuels,2022,pct,1.7,"% par an, moyenne annuelle","Eurostat, irt_lt_mcby_a -- rendement des titres publics de reference a 10 ans (critere de convergence de Maastricht), France"
taux_long_terme_annuels,2023,pct,2.99,"% par an, moyenne annuelle","Eurostat, irt_lt_mcby_a -- rendement des titres publics de reference a 10 ans (critere de convergence de Maastricht), France"
taux_long_terme_annuels,2024,pct,2.97,"% par an, moyenne annuelle","Eurostat, irt_lt_mcby_a -- rendement des titres publics de reference a 10 ans (critere de convergence de Maastricht), France"
taux_long_terme_annuels,2025,pct,3.34979,"% par an, moyenne annuelle","Eurostat, irt_lt_mcby_a -- rendement des titres publics de reference a 10 ans (critere de convergence de Maastricht), France"
