serie,pays,annee,valeur,unite,source
dette_administrations_territoriales,FR,2000,7.2,% du PIB,"Eurostat gov_10q_ggdebt S1312+S1313, 4e trimestre"
dette_administrations_territoriales,FR,2001,6.9,% du PIB,"Eurostat gov_10q_ggdebt S1312+S1313, 4e trimestre"
dette_administrations_territoriales,FR,2002,6.7,% du PIB,"Eurostat gov_10q_ggdebt S1312+S1313, 4e trimestre"
dette_administrations_territoriales,FR,2003,6.7,% du PIB,"Eurostat gov_10q_ggdebt S1312+S1313, 4e trimestre"
dette_administrations_territoriales,FR,2004,6.7,% du PIB,"Eurostat gov_10q_ggdebt S1312+S1313, 4e trimestre"
dette_administrations_territoriales,FR,2005,6.8,% du PIB,"Eurostat gov_10q_ggdebt S1312+S1313, 4e trimestre"
dette_administrations_territoriales,FR,2006,6.9,% du PIB,"Eurostat gov_10q_ggdebt S1312+S1313, 4e trimestre"
dette_administrations_territoriales,FR,2007,7.1,% du PIB,"Eurostat gov_10q_ggdebt S1312+S1313, 4e trimestre"
dette_administrations_territoriales,FR,2008,7.4,% du PIB,"Eurostat gov_10q_ggdebt S1312+S1313, 4e trimestre"
dette_administrations_territoriales,FR,2009,8.1,% du PIB,"Eurostat gov_10q_ggdebt S1312+S1313, 4e trimestre"
dette_administrations_territoriales,FR,2010,8.2,% du PIB,"Eurostat gov_10q_ggdebt S1312+S1313, 4e trimestre"
dette_administrations_territoriales,FR,2011,8.2,% du PIB,"Eurostat gov_10q_ggdebt S1312+S1313, 4e trimestre"
dette_administrations_territoriales,FR,2012,8.4,% du PIB,"Eurostat gov_10q_ggdebt S1312+S1313, 4e trimestre"
dette_administrations_territoriales,FR,2013,8.6,% du PIB,"Eurostat gov_10q_ggdebt S1312+S1313, 4e trimestre"
dette_administrations_territoriales,FR,2014,8.7,% du PIB,"Eurostat gov_10q_ggdebt S1312+S1313, 4e trimestre"
dette_administrations_territoriales,FR,2015,8.9,% du PIB,"Eurostat gov_10q_ggdebt S1312+S1313, 4e trimestre"
dette_administrations_territoriales,FR,2016,8.9,% du PIB,"Eurostat gov_10q_ggdebt S1312+S1313, 4e trimestre"
dette_administrations_territoriales,FR,2017,8.7,% du PIB,"Eurostat gov_10q_ggdebt S1312+S1313, 4e trimestre"
dette_administrations_territoriales,FR,2018,8.7,% du PIB,"Eurostat gov_10q_ggdebt S1312+S1313, 4e trimestre"
dette_administrations_territoriales,FR,2019,8.6,% du PIB,"Eurostat gov_10q_ggdebt S1312+S1313, 4e trimestre"
dette_administrations_territoriales,FR,2020,9.9,% du PIB,"Eurostat gov_10q_ggdebt S1312+S1313, 4e trimestre"
dette_administrations_territoriales,FR,2021,9.8,% du PIB,"Eurostat gov_10q_ggdebt S1312+S1313, 4e trimestre"
dette_administrations_territoriales,FR,2022,9.3,% du PIB,"Eurostat gov_10q_ggdebt S1312+S1313, 4e trimestre"
dette_administrations_territoriales,FR,2023,8.9,% du PIB,"Eurostat gov_10q_ggdebt S1312+S1313, 4e trimestre"
dette_administrations_territoriales,FR,2024,9.0,% du PIB,"Eurostat gov_10q_ggdebt S1312+S1313, 4e trimestre"
dette_administrations_territoriales,FR,2025,9.3,% du PIB,"Eurostat gov_10q_ggdebt S1312+S1313, 4e trimestre"
dette_administrations_locales,FR,2000,7.2,% du PIB,"Eurostat gov_10q_ggdebt S1313, 4e trimestre"
dette_administrations_locales,FR,2001,6.9,% du PIB,"Eurostat gov_10q_ggdebt S1313, 4e trimestre"
dette_administrations_locales,FR,2002,6.7,% du PIB,"Eurostat gov_10q_ggdebt S1313, 4e trimestre"
dette_administrations_locales,FR,2003,6.7,% du PIB,"Eurostat gov_10q_ggdebt S1313, 4e trimestre"
dette_administrations_locales,FR,2004,6.7,% du PIB,"Eurostat gov_10q_ggdebt S1313, 4e trimestre"
dette_administrations_locales,FR,2005,6.8,% du PIB,"Eurostat gov_10q_ggdebt S1313, 4e trimestre"
dette_administrations_locales,FR,2006,6.9,% du PIB,"Eurostat gov_10q_ggdebt S1313, 4e trimestre"
dette_administrations_locales,FR,2007,7.1,% du PIB,"Eurostat gov_10q_ggdebt S1313, 4e trimestre"
dette_administrations_locales,FR,2008,7.4,% du PIB,"Eurostat gov_10q_ggdebt S1313, 4e trimestre"
dette_administrations_locales,FR,2009,8.1,% du PIB,"Eurostat gov_10q_ggdebt S1313, 4e trimestre"
dette_administrations_locales,FR,2010,8.2,% du PIB,"Eurostat gov_10q_ggdebt S1313, 4e trimestre"
dette_administrations_locales,FR,2011,8.2,% du PIB,"Eurostat gov_10q_ggdebt S1313, 4e trimestre"
dette_administrations_locales,FR,2012,8.4,% du PIB,"Eurostat gov_10q_ggdebt S1313, 4e trimestre"
dette_administrations_locales,FR,2013,8.6,% du PIB,"Eurostat gov_10q_ggdebt S1313, 4e trimestre"
dette_administrations_locales,FR,2014,8.7,% du PIB,"Eurostat gov_10q_ggdebt S1313, 4e trimestre"
dette_administrations_locales,FR,2015,8.9,% du PIB,"Eurostat gov_10q_ggdebt S1313, 4e trimestre"
dette_administrations_locales,FR,2016,8.9,% du PIB,"Eurostat gov_10q_ggdebt S1313, 4e trimestre"
dette_administrations_locales,FR,2017,8.7,% du PIB,"Eurostat gov_10q_ggdebt S1313, 4e trimestre"
dette_administrations_locales,FR,2018,8.7,% du PIB,"Eurostat gov_10q_ggdebt S1313, 4e trimestre"
dette_administrations_locales,FR,2019,8.6,% du PIB,"Eurostat gov_10q_ggdebt S1313, 4e trimestre"
dette_administrations_locales,FR,2020,9.9,% du PIB,"Eurostat gov_10q_ggdebt S1313, 4e trimestre"
dette_administrations_locales,FR,2021,9.8,% du PIB,"Eurostat gov_10q_ggdebt S1313, 4e trimestre"
dette_administrations_locales,FR,2022,9.3,% du PIB,"Eurostat gov_10q_ggdebt S1313, 4e trimestre"
dette_administrations_locales,FR,2023,8.9,% du PIB,"Eurostat gov_10q_ggdebt S1313, 4e trimestre"
dette_administrations_locales,FR,2024,9.0,% du PIB,"Eurostat gov_10q_ggdebt S1313, 4e trimestre"
dette_administrations_locales,FR,2025,9.3,% du PIB,"Eurostat gov_10q_ggdebt S1313, 4e trimestre"
dette_territoriale_detenue_par_etat_central,FR,2020,0.1,% du PIB,Eurostat gov_10dd_ggd S1312+S1313 detenue par S1311
dette_territoriale_detenue_par_etat_central,FR,2021,0.1,% du PIB,Eurostat gov_10dd_ggd S1312+S1313 detenue par S1311
dette_territoriale_detenue_par_etat_central,FR,2022,0.1,% du PIB,Eurostat gov_10dd_ggd S1312+S1313 detenue par S1311
dette_territoriale_detenue_par_etat_central,FR,2023,0.1,% du PIB,Eurostat gov_10dd_ggd S1312+S1313 detenue par S1311
dette_territoriale_detenue_par_etat_central,FR,2024,0.1,% du PIB,Eurostat gov_10dd_ggd S1312+S1313 detenue par S1311
dette_territoriale_detenue_par_etat_central,FR,2025,0.1,% du PIB,Eurostat gov_10dd_ggd S1312+S1313 detenue par S1311
dette_administrations_territoriales,DE,2000,21.7,% du PIB,"Eurostat gov_10q_ggdebt S1312+S1313, 4e trimestre"
dette_administrations_territoriales,DE,2001,22.4,% du PIB,"Eurostat gov_10q_ggdebt S1312+S1313, 4e trimestre"
dette_administrations_territoriales,DE,2002,23.5,% du PIB,"Eurostat gov_10q_ggdebt S1312+S1313, 4e trimestre"
dette_administrations_territoriales,DE,2003,25.0,% du PIB,"Eurostat gov_10q_ggdebt S1312+S1313, 4e trimestre"
dette_administrations_territoriales,DE,2004,25.8,% du PIB,"Eurostat gov_10q_ggdebt S1312+S1313, 4e trimestre"
dette_administrations_territoriales,DE,2005,26.6,% du PIB,"Eurostat gov_10q_ggdebt S1312+S1313, 4e trimestre"
dette_administrations_territoriales,DE,2006,26.1,% du PIB,"Eurostat gov_10q_ggdebt S1312+S1313, 4e trimestre"
dette_administrations_territoriales,DE,2007,25.0,% du PIB,"Eurostat gov_10q_ggdebt S1312+S1313, 4e trimestre"
dette_administrations_territoriales,DE,2008,25.9,% du PIB,"Eurostat gov_10q_ggdebt S1312+S1313, 4e trimestre"
dette_administrations_territoriales,DE,2009,28.9,% du PIB,"Eurostat gov_10q_ggdebt S1312+S1313, 4e trimestre"
dette_administrations_territoriales,DE,2010,30.1,% du PIB,"Eurostat gov_10q_ggdebt S1312+S1313, 4e trimestre"
dette_administrations_territoriales,DE,2011,29.6,% du PIB,"Eurostat gov_10q_ggdebt S1312+S1313, 4e trimestre"
dette_administrations_territoriales,DE,2012,30.3,% du PIB,"Eurostat gov_10q_ggdebt S1312+S1313, 4e trimestre"
dette_administrations_territoriales,DE,2013,29.0,% du PIB,"Eurostat gov_10q_ggdebt S1312+S1313, 4e trimestre"
dette_administrations_territoriales,DE,2014,27.8,% du PIB,"Eurostat gov_10q_ggdebt S1312+S1313, 4e trimestre"
dette_administrations_territoriales,DE,2015,26.8,% du PIB,"Eurostat gov_10q_ggdebt S1312+S1313, 4e trimestre"
dette_administrations_territoriales,DE,2016,25.5,% du PIB,"Eurostat gov_10q_ggdebt S1312+S1313, 4e trimestre"
dette_administrations_territoriales,DE,2017,23.6,% du PIB,"Eurostat gov_10q_ggdebt S1312+S1313, 4e trimestre"
dette_administrations_territoriales,DE,2018,22.3,% du PIB,"Eurostat gov_10q_ggdebt S1312+S1313, 4e trimestre"
dette_administrations_territoriales,DE,2019,22.0,% du PIB,"Eurostat gov_10q_ggdebt S1312+S1313, 4e trimestre"
dette_administrations_territoriales,DE,2020,24.1,% du PIB,"Eurostat gov_10q_ggdebt S1312+S1313, 4e trimestre"
dette_administrations_territoriales,DE,2021,22.6,% du PIB,"Eurostat gov_10q_ggdebt S1312+S1313, 4e trimestre"
dette_administrations_territoriales,DE,2022,20.3,% du PIB,"Eurostat gov_10q_ggdebt S1312+S1313, 4e trimestre"
dette_administrations_territoriales,DE,2023,19.0,% du PIB,"Eurostat gov_10q_ggdebt S1312+S1313, 4e trimestre"
dette_administrations_territoriales,DE,2024,19.3,% du PIB,"Eurostat gov_10q_ggdebt S1312+S1313, 4e trimestre"
dette_administrations_territoriales,DE,2025,19.7,% du PIB,"Eurostat gov_10q_ggdebt S1312+S1313, 4e trimestre"
dette_administrations_locales,DE,2000,5.1,% du PIB,"Eurostat gov_10q_ggdebt S1313, 4e trimestre"
dette_administrations_locales,DE,2001,5.0,% du PIB,"Eurostat gov_10q_ggdebt S1313, 4e trimestre"
dette_administrations_locales,DE,2002,5.1,% du PIB,"Eurostat gov_10q_ggdebt S1313, 4e trimestre"
dette_administrations_locales,DE,2003,5.4,% du PIB,"Eurostat gov_10q_ggdebt S1313, 4e trimestre"
dette_administrations_locales,DE,2004,5.4,% du PIB,"Eurostat gov_10q_ggdebt S1313, 4e trimestre"
dette_administrations_locales,DE,2005,5.5,% du PIB,"Eurostat gov_10q_ggdebt S1313, 4e trimestre"
dette_administrations_locales,DE,2006,5.4,% du PIB,"Eurostat gov_10q_ggdebt S1313, 4e trimestre"
dette_administrations_locales,DE,2007,5.1,% du PIB,"Eurostat gov_10q_ggdebt S1313, 4e trimestre"
dette_administrations_locales,DE,2008,5.0,% du PIB,"Eurostat gov_10q_ggdebt S1313, 4e trimestre"
dette_administrations_locales,DE,2009,5.4,% du PIB,"Eurostat gov_10q_ggdebt S1313, 4e trimestre"
dette_administrations_locales,DE,2010,6.0,% du PIB,"Eurostat gov_10q_ggdebt S1313, 4e trimestre"
dette_administrations_locales,DE,2011,5.7,% du PIB,"Eurostat gov_10q_ggdebt S1313, 4e trimestre"
dette_administrations_locales,DE,2012,5.8,% du PIB,"Eurostat gov_10q_ggdebt S1313, 4e trimestre"
dette_administrations_locales,DE,2013,5.8,% du PIB,"Eurostat gov_10q_ggdebt S1313, 4e trimestre"
dette_administrations_locales,DE,2014,5.7,% du PIB,"Eurostat gov_10q_ggdebt S1313, 4e trimestre"
dette_administrations_locales,DE,2015,5.4,% du PIB,"Eurostat gov_10q_ggdebt S1313, 4e trimestre"
dette_administrations_locales,DE,2016,5.3,% du PIB,"Eurostat gov_10q_ggdebt S1313, 4e trimestre"
dette_administrations_locales,DE,2017,5.1,% du PIB,"Eurostat gov_10q_ggdebt S1313, 4e trimestre"
dette_administrations_locales,DE,2018,4.7,% du PIB,"Eurostat gov_10q_ggdebt S1313, 4e trimestre"
dette_administrations_locales,DE,2019,4.6,% du PIB,"Eurostat gov_10q_ggdebt S1313, 4e trimestre"
dette_administrations_locales,DE,2020,4.7,% du PIB,"Eurostat gov_10q_ggdebt S1313, 4e trimestre"
dette_administrations_locales,DE,2021,4.5,% du PIB,"Eurostat gov_10q_ggdebt S1313, 4e trimestre"
dette_administrations_locales,DE,2022,4.3,% du PIB,"Eurostat gov_10q_ggdebt S1313, 4e trimestre"
dette_administrations_locales,DE,2023,4.3,% du PIB,"Eurostat gov_10q_ggdebt S1313, 4e trimestre"
dette_administrations_locales,DE,2024,4.5,% du PIB,"Eurostat gov_10q_ggdebt S1313, 4e trimestre"
dette_administrations_locales,DE,2025,5.0,% du PIB,"Eurostat gov_10q_ggdebt S1313, 4e trimestre"
dette_territoriale_detenue_par_etat_central,DE,1995,0.8,% du PIB,Eurostat gov_10dd_ggd S1312+S1313 detenue par S1311
dette_territoriale_detenue_par_etat_central,DE,1996,0.8,% du PIB,Eurostat gov_10dd_ggd S1312+S1313 detenue par S1311
dette_territoriale_detenue_par_etat_central,DE,1997,0.7,% du PIB,Eurostat gov_10dd_ggd S1312+S1313 detenue par S1311
dette_territoriale_detenue_par_etat_central,DE,1998,0.7,% du PIB,Eurostat gov_10dd_ggd S1312+S1313 detenue par S1311
dette_territoriale_detenue_par_etat_central,DE,1999,0.7,% du PIB,Eurostat gov_10dd_ggd S1312+S1313 detenue par S1311
dette_territoriale_detenue_par_etat_central,DE,2000,0.6,% du PIB,Eurostat gov_10dd_ggd S1312+S1313 detenue par S1311
dette_territoriale_detenue_par_etat_central,DE,2001,0.6,% du PIB,Eurostat gov_10dd_ggd S1312+S1313 detenue par S1311
dette_territoriale_detenue_par_etat_central,DE,2002,0.6,% du PIB,Eurostat gov_10dd_ggd S1312+S1313 detenue par S1311
dette_territoriale_detenue_par_etat_central,DE,2003,0.5,% du PIB,Eurostat gov_10dd_ggd S1312+S1313 detenue par S1311
dette_territoriale_detenue_par_etat_central,DE,2004,0.5,% du PIB,Eurostat gov_10dd_ggd S1312+S1313 detenue par S1311
dette_territoriale_detenue_par_etat_central,DE,2005,0.5,% du PIB,Eurostat gov_10dd_ggd S1312+S1313 detenue par S1311
dette_territoriale_detenue_par_etat_central,DE,2006,0.4,% du PIB,Eurostat gov_10dd_ggd S1312+S1313 detenue par S1311
dette_territoriale_detenue_par_etat_central,DE,2007,0.4,% du PIB,Eurostat gov_10dd_ggd S1312+S1313 detenue par S1311
dette_territoriale_detenue_par_etat_central,DE,2008,0.4,% du PIB,Eurostat gov_10dd_ggd S1312+S1313 detenue par S1311
dette_territoriale_detenue_par_etat_central,DE,2009,0.4,% du PIB,Eurostat gov_10dd_ggd S1312+S1313 detenue par S1311
dette_territoriale_detenue_par_etat_central,DE,2010,0.4,% du PIB,Eurostat gov_10dd_ggd S1312+S1313 detenue par S1311
dette_territoriale_detenue_par_etat_central,DE,2011,0.4,% du PIB,Eurostat gov_10dd_ggd S1312+S1313 detenue par S1311
dette_territoriale_detenue_par_etat_central,DE,2012,0.4,% du PIB,Eurostat gov_10dd_ggd S1312+S1313 detenue par S1311
dette_territoriale_detenue_par_etat_central,DE,2013,0.3,% du PIB,Eurostat gov_10dd_ggd S1312+S1313 detenue par S1311
dette_territoriale_detenue_par_etat_central,DE,2014,0.4,% du PIB,Eurostat gov_10dd_ggd S1312+S1313 detenue par S1311
dette_territoriale_detenue_par_etat_central,DE,2015,0.4,% du PIB,Eurostat gov_10dd_ggd S1312+S1313 detenue par S1311
dette_territoriale_detenue_par_etat_central,DE,2016,0.3,% du PIB,Eurostat gov_10dd_ggd S1312+S1313 detenue par S1311
dette_territoriale_detenue_par_etat_central,DE,2017,0.3,% du PIB,Eurostat gov_10dd_ggd S1312+S1313 detenue par S1311
dette_territoriale_detenue_par_etat_central,DE,2018,0.3,% du PIB,Eurostat gov_10dd_ggd S1312+S1313 detenue par S1311
dette_territoriale_detenue_par_etat_central,DE,2019,0.3,% du PIB,Eurostat gov_10dd_ggd S1312+S1313 detenue par S1311
dette_territoriale_detenue_par_etat_central,DE,2020,0.2,% du PIB,Eurostat gov_10dd_ggd S1312+S1313 detenue par S1311
dette_territoriale_detenue_par_etat_central,DE,2021,0.2,% du PIB,Eurostat gov_10dd_ggd S1312+S1313 detenue par S1311
dette_territoriale_detenue_par_etat_central,DE,2022,0.2,% du PIB,Eurostat gov_10dd_ggd S1312+S1313 detenue par S1311
dette_territoriale_detenue_par_etat_central,DE,2023,0.2,% du PIB,Eurostat gov_10dd_ggd S1312+S1313 detenue par S1311
dette_territoriale_detenue_par_etat_central,DE,2024,0.2,% du PIB,Eurostat gov_10dd_ggd S1312+S1313 detenue par S1311
dette_territoriale_detenue_par_etat_central,DE,2025,0.2,% du PIB,Eurostat gov_10dd_ggd S1312+S1313 detenue par S1311
dette_administrations_territoriales,IT,2000,5.3,% du PIB,"Eurostat gov_10q_ggdebt S1312+S1313, 4e trimestre"
dette_administrations_territoriales,IT,2001,5.5,% du PIB,"Eurostat gov_10q_ggdebt S1312+S1313, 4e trimestre"
dette_administrations_territoriales,IT,2002,6.0,% du PIB,"Eurostat gov_10q_ggdebt S1312+S1313, 4e trimestre"
dette_administrations_territoriales,IT,2003,6.2,% du PIB,"Eurostat gov_10q_ggdebt S1312+S1313, 4e trimestre"
dette_administrations_territoriales,IT,2004,6.6,% du PIB,"Eurostat gov_10q_ggdebt S1312+S1313, 4e trimestre"
dette_administrations_territoriales,IT,2005,7.2,% du PIB,"Eurostat gov_10q_ggdebt S1312+S1313, 4e trimestre"
dette_administrations_territoriales,IT,2006,7.7,% du PIB,"Eurostat gov_10q_ggdebt S1312+S1313, 4e trimestre"
dette_administrations_territoriales,IT,2007,7.7,% du PIB,"Eurostat gov_10q_ggdebt S1312+S1313, 4e trimestre"
dette_administrations_territoriales,IT,2008,7.8,% du PIB,"Eurostat gov_10q_ggdebt S1312+S1313, 4e trimestre"
dette_administrations_territoriales,IT,2009,8.4,% du PIB,"Eurostat gov_10q_ggdebt S1312+S1313, 4e trimestre"
dette_administrations_territoriales,IT,2010,8.2,% du PIB,"Eurostat gov_10q_ggdebt S1312+S1313, 4e trimestre"
dette_administrations_territoriales,IT,2011,8.1,% du PIB,"Eurostat gov_10q_ggdebt S1312+S1313, 4e trimestre"
dette_administrations_territoriales,IT,2012,8.0,% du PIB,"Eurostat gov_10q_ggdebt S1312+S1313, 4e trimestre"
dette_administrations_territoriales,IT,2013,8.6,% du PIB,"Eurostat gov_10q_ggdebt S1312+S1313, 4e trimestre"
dette_administrations_territoriales,IT,2014,8.8,% du PIB,"Eurostat gov_10q_ggdebt S1312+S1313, 4e trimestre"
dette_administrations_territoriales,IT,2015,8.4,% du PIB,"Eurostat gov_10q_ggdebt S1312+S1313, 4e trimestre"
dette_administrations_territoriales,IT,2016,7.9,% du PIB,"Eurostat gov_10q_ggdebt S1312+S1313, 4e trimestre"
dette_administrations_territoriales,IT,2017,7.5,% du PIB,"Eurostat gov_10q_ggdebt S1312+S1313, 4e trimestre"
dette_administrations_territoriales,IT,2018,7.2,% du PIB,"Eurostat gov_10q_ggdebt S1312+S1313, 4e trimestre"
dette_administrations_territoriales,IT,2019,6.9,% du PIB,"Eurostat gov_10q_ggdebt S1312+S1313, 4e trimestre"
dette_administrations_territoriales,IT,2020,7.4,% du PIB,"Eurostat gov_10q_ggdebt S1312+S1313, 4e trimestre"
dette_administrations_territoriales,IT,2021,6.5,% du PIB,"Eurostat gov_10q_ggdebt S1312+S1313, 4e trimestre"
dette_administrations_territoriales,IT,2022,5.9,% du PIB,"Eurostat gov_10q_ggdebt S1312+S1313, 4e trimestre"
dette_administrations_territoriales,IT,2023,5.2,% du PIB,"Eurostat gov_10q_ggdebt S1312+S1313, 4e trimestre"
dette_administrations_territoriales,IT,2024,5.0,% du PIB,"Eurostat gov_10q_ggdebt S1312+S1313, 4e trimestre"
dette_administrations_territoriales,IT,2025,4.7,% du PIB,"Eurostat gov_10q_ggdebt S1312+S1313, 4e trimestre"
dette_administrations_locales,IT,2000,5.3,% du PIB,"Eurostat gov_10q_ggdebt S1313, 4e trimestre"
dette_administrations_locales,IT,2001,5.5,% du PIB,"Eurostat gov_10q_ggdebt S1313, 4e trimestre"
dette_administrations_locales,IT,2002,6.0,% du PIB,"Eurostat gov_10q_ggdebt S1313, 4e trimestre"
dette_administrations_locales,IT,2003,6.2,% du PIB,"Eurostat gov_10q_ggdebt S1313, 4e trimestre"
dette_administrations_locales,IT,2004,6.6,% du PIB,"Eurostat gov_10q_ggdebt S1313, 4e trimestre"
dette_administrations_locales,IT,2005,7.2,% du PIB,"Eurostat gov_10q_ggdebt S1313, 4e trimestre"
dette_administrations_locales,IT,2006,7.7,% du PIB,"Eurostat gov_10q_ggdebt S1313, 4e trimestre"
dette_administrations_locales,IT,2007,7.7,% du PIB,"Eurostat gov_10q_ggdebt S1313, 4e trimestre"
dette_administrations_locales,IT,2008,7.8,% du PIB,"Eurostat gov_10q_ggdebt S1313, 4e trimestre"
dette_administrations_locales,IT,2009,8.4,% du PIB,"Eurostat gov_10q_ggdebt S1313, 4e trimestre"
dette_administrations_locales,IT,2010,8.2,% du PIB,"Eurostat gov_10q_ggdebt S1313, 4e trimestre"
dette_administrations_locales,IT,2011,8.1,% du PIB,"Eurostat gov_10q_ggdebt S1313, 4e trimestre"
dette_administrations_locales,IT,2012,8.0,% du PIB,"Eurostat gov_10q_ggdebt S1313, 4e trimestre"
dette_administrations_locales,IT,2013,8.6,% du PIB,"Eurostat gov_10q_ggdebt S1313, 4e trimestre"
dette_administrations_locales,IT,2014,8.8,% du PIB,"Eurostat gov_10q_ggdebt S1313, 4e trimestre"
dette_administrations_locales,IT,2015,8.4,% du PIB,"Eurostat gov_10q_ggdebt S1313, 4e trimestre"
dette_administrations_locales,IT,2016,7.9,% du PIB,"Eurostat gov_10q_ggdebt S1313, 4e trimestre"
dette_administrations_locales,IT,2017,7.5,% du PIB,"Eurostat gov_10q_ggdebt S1313, 4e trimestre"
dette_administrations_locales,IT,2018,7.2,% du PIB,"Eurostat gov_10q_ggdebt S1313, 4e trimestre"
dette_administrations_locales,IT,2019,6.9,% du PIB,"Eurostat gov_10q_ggdebt S1313, 4e trimestre"
dette_administrations_locales,IT,2020,7.4,% du PIB,"Eurostat gov_10q_ggdebt S1313, 4e trimestre"
dette_administrations_locales,IT,2021,6.5,% du PIB,"Eurostat gov_10q_ggdebt S1313, 4e trimestre"
dette_administrations_locales,IT,2022,5.9,% du PIB,"Eurostat gov_10q_ggdebt S1313, 4e trimestre"
dette_administrations_locales,IT,2023,5.2,% du PIB,"Eurostat gov_10q_ggdebt S1313, 4e trimestre"
dette_administrations_locales,IT,2024,5.0,% du PIB,"Eurostat gov_10q_ggdebt S1313, 4e trimestre"
dette_administrations_locales,IT,2025,4.7,% du PIB,"Eurostat gov_10q_ggdebt S1313, 4e trimestre"
dette_territoriale_detenue_par_etat_central,IT,2020,2.3,% du PIB,Eurostat gov_10dd_ggd S1312+S1313 detenue par S1311
dette_territoriale_detenue_par_etat_central,IT,2021,1.7,% du PIB,Eurostat gov_10dd_ggd S1312+S1313 detenue par S1311
dette_territoriale_detenue_par_etat_central,IT,2022,1.4,% du PIB,Eurostat gov_10dd_ggd S1312+S1313 detenue par S1311
dette_territoriale_detenue_par_etat_central,IT,2023,1.3,% du PIB,Eurostat gov_10dd_ggd S1312+S1313 detenue par S1311
dette_territoriale_detenue_par_etat_central,IT,2024,1.2,% du PIB,Eurostat gov_10dd_ggd S1312+S1313 detenue par S1311
dette_territoriale_detenue_par_etat_central,IT,2025,1.2,% du PIB,Eurostat gov_10dd_ggd S1312+S1313 detenue par S1311
dette_administrations_territoriales,ES,2000,9.2,% du PIB,"Eurostat gov_10q_ggdebt S1312+S1313, 4e trimestre"
dette_administrations_territoriales,ES,2001,9.1,% du PIB,"Eurostat gov_10q_ggdebt S1312+S1313, 4e trimestre"
dette_administrations_territoriales,ES,2002,9.1,% du PIB,"Eurostat gov_10q_ggdebt S1312+S1313, 4e trimestre"
dette_administrations_territoriales,ES,2003,9.0,% du PIB,"Eurostat gov_10q_ggdebt S1312+S1313, 4e trimestre"
dette_administrations_territoriales,ES,2004,8.9,% du PIB,"Eurostat gov_10q_ggdebt S1312+S1313, 4e trimestre"
dette_administrations_territoriales,ES,2005,9.0,% du PIB,"Eurostat gov_10q_ggdebt S1312+S1313, 4e trimestre"
dette_administrations_territoriales,ES,2006,8.6,% du PIB,"Eurostat gov_10q_ggdebt S1312+S1313, 4e trimestre"
dette_administrations_territoriales,ES,2007,8.5,% du PIB,"Eurostat gov_10q_ggdebt S1312+S1313, 4e trimestre"
dette_administrations_territoriales,ES,2008,9.6,% du PIB,"Eurostat gov_10q_ggdebt S1312+S1313, 4e trimestre"
dette_administrations_territoriales,ES,2009,11.9,% du PIB,"Eurostat gov_10q_ggdebt S1312+S1313, 4e trimestre"
dette_administrations_territoriales,ES,2010,14.8,% du PIB,"Eurostat gov_10q_ggdebt S1312+S1313, 4e trimestre"
dette_administrations_territoriales,ES,2011,17.1,% du PIB,"Eurostat gov_10q_ggdebt S1312+S1313, 4e trimestre"
dette_administrations_territoriales,ES,2012,22.5,% du PIB,"Eurostat gov_10q_ggdebt S1312+S1313, 4e trimestre"
dette_administrations_territoriales,ES,2013,24.6,% du PIB,"Eurostat gov_10q_ggdebt S1312+S1313, 4e trimestre"
dette_administrations_territoriales,ES,2014,26.6,% du PIB,"Eurostat gov_10q_ggdebt S1312+S1313, 4e trimestre"
dette_administrations_territoriales,ES,2015,27.4,% du PIB,"Eurostat gov_10q_ggdebt S1312+S1313, 4e trimestre"
dette_administrations_territoriales,ES,2016,27.6,% du PIB,"Eurostat gov_10q_ggdebt S1312+S1313, 4e trimestre"
dette_administrations_territoriales,ES,2017,27.1,% du PIB,"Eurostat gov_10q_ggdebt S1312+S1313, 4e trimestre"
dette_administrations_territoriales,ES,2018,26.3,% du PIB,"Eurostat gov_10q_ggdebt S1312+S1313, 4e trimestre"
dette_administrations_territoriales,ES,2019,25.4,% du PIB,"Eurostat gov_10q_ggdebt S1312+S1313, 4e trimestre"
dette_administrations_territoriales,ES,2020,28.8,% du PIB,"Eurostat gov_10q_ggdebt S1312+S1313, 4e trimestre"
dette_administrations_territoriales,ES,2021,27.1,% du PIB,"Eurostat gov_10q_ggdebt S1312+S1313, 4e trimestre"
dette_administrations_territoriales,ES,2022,24.7,% du PIB,"Eurostat gov_10q_ggdebt S1312+S1313, 4e trimestre"
dette_administrations_territoriales,ES,2023,23.3,% du PIB,"Eurostat gov_10q_ggdebt S1312+S1313, 4e trimestre"
dette_administrations_territoriales,ES,2024,22.5,% du PIB,"Eurostat gov_10q_ggdebt S1312+S1313, 4e trimestre"
dette_administrations_territoriales,ES,2025,21.4,% du PIB,"Eurostat gov_10q_ggdebt S1312+S1313, 4e trimestre"
dette_administrations_locales,ES,2000,3.1,% du PIB,"Eurostat gov_10q_ggdebt S1313, 4e trimestre"
dette_administrations_locales,ES,2001,2.9,% du PIB,"Eurostat gov_10q_ggdebt S1313, 4e trimestre"
dette_administrations_locales,ES,2002,2.9,% du PIB,"Eurostat gov_10q_ggdebt S1313, 4e trimestre"
dette_administrations_locales,ES,2003,2.9,% du PIB,"Eurostat gov_10q_ggdebt S1313, 4e trimestre"
dette_administrations_locales,ES,2004,2.8,% du PIB,"Eurostat gov_10q_ggdebt S1313, 4e trimestre"
dette_administrations_locales,ES,2005,2.8,% du PIB,"Eurostat gov_10q_ggdebt S1313, 4e trimestre"
dette_administrations_locales,ES,2006,2.7,% du PIB,"Eurostat gov_10q_ggdebt S1313, 4e trimestre"
dette_administrations_locales,ES,2007,2.7,% du PIB,"Eurostat gov_10q_ggdebt S1313, 4e trimestre"
dette_administrations_locales,ES,2008,2.9,% du PIB,"Eurostat gov_10q_ggdebt S1313, 4e trimestre"
dette_administrations_locales,ES,2009,3.2,% du PIB,"Eurostat gov_10q_ggdebt S1313, 4e trimestre"
dette_administrations_locales,ES,2010,3.3,% du PIB,"Eurostat gov_10q_ggdebt S1313, 4e trimestre"
dette_administrations_locales,ES,2011,3.4,% du PIB,"Eurostat gov_10q_ggdebt S1313, 4e trimestre"
dette_administrations_locales,ES,2012,4.2,% du PIB,"Eurostat gov_10q_ggdebt S1313, 4e trimestre"
dette_administrations_locales,ES,2013,4.1,% du PIB,"Eurostat gov_10q_ggdebt S1313, 4e trimestre"
dette_administrations_locales,ES,2014,3.7,% du PIB,"Eurostat gov_10q_ggdebt S1313, 4e trimestre"
dette_administrations_locales,ES,2015,3.2,% du PIB,"Eurostat gov_10q_ggdebt S1313, 4e trimestre"
dette_administrations_locales,ES,2016,2.9,% du PIB,"Eurostat gov_10q_ggdebt S1313, 4e trimestre"
dette_administrations_locales,ES,2017,2.5,% du PIB,"Eurostat gov_10q_ggdebt S1313, 4e trimestre"
dette_administrations_locales,ES,2018,2.1,% du PIB,"Eurostat gov_10q_ggdebt S1313, 4e trimestre"
dette_administrations_locales,ES,2019,1.9,% du PIB,"Eurostat gov_10q_ggdebt S1313, 4e trimestre"
dette_administrations_locales,ES,2020,1.9,% du PIB,"Eurostat gov_10q_ggdebt S1313, 4e trimestre"
dette_administrations_locales,ES,2021,1.8,% du PIB,"Eurostat gov_10q_ggdebt S1313, 4e trimestre"
dette_administrations_locales,ES,2022,1.7,% du PIB,"Eurostat gov_10q_ggdebt S1313, 4e trimestre"
dette_administrations_locales,ES,2023,1.6,% du PIB,"Eurostat gov_10q_ggdebt S1313, 4e trimestre"
dette_administrations_locales,ES,2024,1.4,% du PIB,"Eurostat gov_10q_ggdebt S1313, 4e trimestre"
dette_administrations_locales,ES,2025,1.2,% du PIB,"Eurostat gov_10q_ggdebt S1313, 4e trimestre"
dette_territoriale_detenue_par_etat_central,ES,2020,16.5,% du PIB,Eurostat gov_10dd_ggd S1312+S1313 detenue par S1311
dette_territoriale_detenue_par_etat_central,ES,2021,15.1,% du PIB,Eurostat gov_10dd_ggd S1312+S1313 detenue par S1311
dette_territoriale_detenue_par_etat_central,ES,2022,14.1,% du PIB,Eurostat gov_10dd_ggd S1312+S1313 detenue par S1311
dette_territoriale_detenue_par_etat_central,ES,2023,13.7,% du PIB,Eurostat gov_10dd_ggd S1312+S1313 detenue par S1311
dette_territoriale_detenue_par_etat_central,ES,2024,13.7,% du PIB,Eurostat gov_10dd_ggd S1312+S1313 detenue par S1311
dette_territoriale_detenue_par_etat_central,ES,2025,12.6,% du PIB,Eurostat gov_10dd_ggd S1312+S1313 detenue par S1311
investissement_administrations_locales,FR,1995,2.257,% du PIB,Eurostat gov_10a_main S1313 P51G
investissement_administrations_locales,FR,1996,2.139,% du PIB,Eurostat gov_10a_main S1313 P51G
investissement_administrations_locales,FR,1997,1.950,% du PIB,Eurostat gov_10a_main S1313 P51G
investissement_administrations_locales,FR,1998,1.929,% du PIB,Eurostat gov_10a_main S1313 P51G
investissement_administrations_locales,FR,1999,2.088,% du PIB,Eurostat gov_10a_main S1313 P51G
investissement_administrations_locales,FR,2000,2.226,% du PIB,Eurostat gov_10a_main S1313 P51G
investissement_administrations_locales,FR,2001,2.165,% du PIB,Eurostat gov_10a_main S1313 P51G
investissement_administrations_locales,FR,2002,2.055,% du PIB,Eurostat gov_10a_main S1313 P51G
investissement_administrations_locales,FR,2003,2.111,% du PIB,Eurostat gov_10a_main S1313 P51G
investissement_administrations_locales,FR,2004,2.205,% du PIB,Eurostat gov_10a_main S1313 P51G
investissement_administrations_locales,FR,2005,2.308,% du PIB,Eurostat gov_10a_main S1313 P51G
investissement_administrations_locales,FR,2006,2.339,% du PIB,Eurostat gov_10a_main S1313 P51G
investissement_administrations_locales,FR,2007,2.406,% du PIB,Eurostat gov_10a_main S1313 P51G
investissement_administrations_locales,FR,2008,2.395,% du PIB,Eurostat gov_10a_main S1313 P51G
investissement_administrations_locales,FR,2009,2.428,% du PIB,Eurostat gov_10a_main S1313 P51G
investissement_administrations_locales,FR,2010,2.210,% du PIB,Eurostat gov_10a_main S1313 P51G
investissement_administrations_locales,FR,2011,2.190,% du PIB,Eurostat gov_10a_main S1313 P51G
investissement_administrations_locales,FR,2012,2.283,% du PIB,Eurostat gov_10a_main S1313 P51G
investissement_administrations_locales,FR,2013,2.362,% du PIB,Eurostat gov_10a_main S1313 P51G
investissement_administrations_locales,FR,2014,2.135,% du PIB,Eurostat gov_10a_main S1313 P51G
investissement_administrations_locales,FR,2015,1.890,% du PIB,Eurostat gov_10a_main S1313 P51G
investissement_administrations_locales,FR,2016,1.803,% du PIB,Eurostat gov_10a_main S1313 P51G
investissement_administrations_locales,FR,2017,1.859,% du PIB,Eurostat gov_10a_main S1313 P51G
investissement_administrations_locales,FR,2018,1.961,% du PIB,Eurostat gov_10a_main S1313 P51G
investissement_administrations_locales,FR,2019,2.193,% du PIB,Eurostat gov_10a_main S1313 P51G
investissement_administrations_locales,FR,2020,2.091,% du PIB,Eurostat gov_10a_main S1313 P51G
investissement_administrations_locales,FR,2021,2.099,% du PIB,Eurostat gov_10a_main S1313 P51G
investissement_administrations_locales,FR,2022,2.138,% du PIB,Eurostat gov_10a_main S1313 P51G
investissement_administrations_locales,FR,2023,2.235,% du PIB,Eurostat gov_10a_main S1313 P51G
investissement_administrations_locales,FR,2024,2.330,% du PIB,Eurostat gov_10a_main S1313 P51G
investissement_administrations_locales,FR,2025,2.358,% du PIB,Eurostat gov_10a_main S1313 P51G
transferts_courants_recus_autres_administrations,FR,1995,2.674,% du PIB,Eurostat gov_10a_main S1313 D73REC (serie comparable jusqu'en 2017)
transferts_courants_recus_autres_administrations,FR,1996,2.799,% du PIB,Eurostat gov_10a_main S1313 D73REC (serie comparable jusqu'en 2017)
transferts_courants_recus_autres_administrations,FR,1997,2.865,% du PIB,Eurostat gov_10a_main S1313 D73REC (serie comparable jusqu'en 2017)
transferts_courants_recus_autres_administrations,FR,1998,2.762,% du PIB,Eurostat gov_10a_main S1313 D73REC (serie comparable jusqu'en 2017)
transferts_courants_recus_autres_administrations,FR,1999,2.921,% du PIB,Eurostat gov_10a_main S1313 D73REC (serie comparable jusqu'en 2017)
transferts_courants_recus_autres_administrations,FR,2000,3.165,% du PIB,Eurostat gov_10a_main S1313 D73REC (serie comparable jusqu'en 2017)
transferts_courants_recus_autres_administrations,FR,2001,3.226,% du PIB,Eurostat gov_10a_main S1313 D73REC (serie comparable jusqu'en 2017)
transferts_courants_recus_autres_administrations,FR,2002,3.526,% du PIB,Eurostat gov_10a_main S1313 D73REC (serie comparable jusqu'en 2017)
transferts_courants_recus_autres_administrations,FR,2003,3.614,% du PIB,Eurostat gov_10a_main S1313 D73REC (serie comparable jusqu'en 2017)
transferts_courants_recus_autres_administrations,FR,2004,3.582,% du PIB,Eurostat gov_10a_main S1313 D73REC (serie comparable jusqu'en 2017)
transferts_courants_recus_autres_administrations,FR,2005,3.465,% du PIB,Eurostat gov_10a_main S1313 D73REC (serie comparable jusqu'en 2017)
transferts_courants_recus_autres_administrations,FR,2006,3.475,% du PIB,Eurostat gov_10a_main S1313 D73REC (serie comparable jusqu'en 2017)
transferts_courants_recus_autres_administrations,FR,2007,3.333,% du PIB,Eurostat gov_10a_main S1313 D73REC (serie comparable jusqu'en 2017)
transferts_courants_recus_autres_administrations,FR,2008,3.372,% du PIB,Eurostat gov_10a_main S1313 D73REC (serie comparable jusqu'en 2017)
transferts_courants_recus_autres_administrations,FR,2009,3.612,% du PIB,Eurostat gov_10a_main S1313 D73REC (serie comparable jusqu'en 2017)
transferts_courants_recus_autres_administrations,FR,2010,4.658,% du PIB,Eurostat gov_10a_main S1313 D73REC (serie comparable jusqu'en 2017)
transferts_courants_recus_autres_administrations,FR,2011,3.416,% du PIB,Eurostat gov_10a_main S1313 D73REC (serie comparable jusqu'en 2017)
transferts_courants_recus_autres_administrations,FR,2012,3.306,% du PIB,Eurostat gov_10a_main S1313 D73REC (serie comparable jusqu'en 2017)
transferts_courants_recus_autres_administrations,FR,2013,3.316,% du PIB,Eurostat gov_10a_main S1313 D73REC (serie comparable jusqu'en 2017)
transferts_courants_recus_autres_administrations,FR,2014,3.159,% du PIB,Eurostat gov_10a_main S1313 D73REC (serie comparable jusqu'en 2017)
transferts_courants_recus_autres_administrations,FR,2015,2.964,% du PIB,Eurostat gov_10a_main S1313 D73REC (serie comparable jusqu'en 2017)
transferts_courants_recus_autres_administrations,FR,2016,2.778,% du PIB,Eurostat gov_10a_main S1313 D73REC (serie comparable jusqu'en 2017)
transferts_courants_recus_autres_administrations,FR,2017,2.680,% du PIB,Eurostat gov_10a_main S1313 D73REC (serie comparable jusqu'en 2017)
concours_etat_communes,FR,2021,14.927,Md EUR,"OFGL, base consolidee communes"
concours_etat_communes,FR,2025,16.612,Md EUR,"OFGL, base consolidee communes"
epargne_brute_communes,FR,2021,14.150,Md EUR,"OFGL, base consolidee communes"
epargne_brute_communes,FR,2025,15.337,Md EUR,"OFGL, base consolidee communes"
depenses_equipement_communes,FR,2021,21.144,Md EUR,"OFGL, base consolidee communes"
depenses_equipement_communes,FR,2025,30.091,Md EUR,"OFGL, base consolidee communes"
encours_dette_communes,FR,2021,70.610,Md EUR,"OFGL, base consolidee communes"
encours_dette_communes,FR,2025,73.891,Md EUR,"OFGL, base consolidee communes"
concours_etat_intercommunalites,FR,2021,9.571,Md EUR,"OFGL, base consolidee intercommunalites"
concours_etat_intercommunalites,FR,2025,9.954,Md EUR,"OFGL, base consolidee intercommunalites"
epargne_brute_intercommunalites,FR,2021,9.943,Md EUR,"OFGL, base consolidee intercommunalites"
epargne_brute_intercommunalites,FR,2025,11.587,Md EUR,"OFGL, base consolidee intercommunalites"
depenses_equipement_intercommunalites,FR,2021,12.375,Md EUR,"OFGL, base consolidee intercommunalites"
depenses_equipement_intercommunalites,FR,2025,17.749,Md EUR,"OFGL, base consolidee intercommunalites"
encours_dette_intercommunalites,FR,2021,48.787,Md EUR,"OFGL, base consolidee intercommunalites"
encours_dette_intercommunalites,FR,2025,56.456,Md EUR,"OFGL, base consolidee intercommunalites"
concours_etat_departements,FR,2021,10.838,Md EUR,"OFGL, base consolidee departements"
concours_etat_departements,FR,2025,10.540,Md EUR,"OFGL, base consolidee departements"
epargne_brute_departements,FR,2021,12.433,Md EUR,"OFGL, base consolidee departements"
epargne_brute_departements,FR,2025,7.977,Md EUR,"OFGL, base consolidee departements"
depenses_equipement_departements,FR,2021,9.196,Md EUR,"OFGL, base consolidee departements"
depenses_equipement_departements,FR,2025,9.151,Md EUR,"OFGL, base consolidee departements"
encours_dette_departements,FR,2021,42.673,Md EUR,"OFGL, base consolidee departements"
encours_dette_departements,FR,2025,48.916,Md EUR,"OFGL, base consolidee departements"
concours_etat_regions,FR,2021,2.206,Md EUR,"OFGL, base consolidee regions"
concours_etat_regions,FR,2025,1.755,Md EUR,"OFGL, base consolidee regions"
epargne_brute_regions,FR,2021,5.751,Md EUR,"OFGL, base consolidee regions"
epargne_brute_regions,FR,2025,6.303,Md EUR,"OFGL, base consolidee regions"
depenses_equipement_regions,FR,2021,3.894,Md EUR,"OFGL, base consolidee regions"
depenses_equipement_regions,FR,2025,3.739,Md EUR,"OFGL, base consolidee regions"
encours_dette_regions,FR,2021,33.013,Md EUR,"OFGL, base consolidee regions"
encours_dette_regions,FR,2025,39.233,Md EUR,"OFGL, base consolidee regions"
dgf_montant_loi_de_finances,FR,2013,41.505,Md EUR,CGCT art. L. 1613-1 (Legifrance)
dgf_montant_loi_de_finances,FR,2014,40.121,Md EUR,CGCT art. L. 1613-1 (Legifrance)
dgf_montant_loi_de_finances,FR,2015,36.607,Md EUR,CGCT art. L. 1613-1 (Legifrance)
dgf_montant_loi_de_finances,FR,2016,33.222,Md EUR,CGCT art. L. 1613-1 (Legifrance)
dgf_montant_loi_de_finances,FR,2017,30.860,Md EUR,CGCT art. L. 1613-1 (Legifrance)
