annee,emissions_unites_residentes_mt,empreinte_mt,dont_menages_mt,dont_production_interieure_demande_francaise_mt,dont_importations_demande_francaise_mt,emissions_t_par_habitant,empreinte_t_par_habitant
1990,589.2,702,130,293,279,10.1,12.1
1991,613.9,703,139,298,267,10.5,12.0
1992,603.7,693,140,291,261,10.3,11.8
1993,581.9,646,139,283,225,9.9,11.0
1994,573.7,641,135,272,234,9.7,10.8
1995,579.4,660,136,268,257,9.8,11.1
1996,598.0,669,144,269,257,10.0,11.2
1997,589.7,637,141,247,249,9.9,10.7
1998,603.1,702,145,288,269,10.0,11.7
1999,598.7,698,147,288,263,9.9,11.6
2000,589.9,692,145,272,274,9.7,11.4
2001,595.4,700,152,275,274,9.7,11.4
2002,588.7,703,150,274,279,9.6,11.4
2003,593.0,739,152,280,307,9.6,11.9
2004,592.4,769,155,276,339,9.5,12.3
2005,593.4,782,152,275,356,9.4,12.4
2006,583.6,791,149,267,374,9.2,12.5
2007,575.6,807,139,271,396,9.0,12.7
2008,571.3,816,141,264,411,8.9,12.7
2009,542.8,748,142,260,346,8.4,11.6
2010,547.6,749,140,254,355,8.5,11.6
2011,522.9,740,132,238,370,8.0,11.4
2012,525.5,713,136,238,338,8.0,10.9
2013,522.3,705,137,235,333,8.0,10.7
2014,487.7,670,123,222,326,7.4,10.2
2015,489.8,648,126,220,302,7.4,9.8
2016,490.6,648,130,221,298,7.4,9.7
2017,498.2,656,126,224,305,7.5,9.8
2018,481.0,654,121,216,318,7.2,9.7
2019,470.7,637,119,212,307,7.0,9.5
2020,422.0,581,103,196,281,6.2,8.6
2021,447.2,620,113,198,309,6.6,9.1
2022,434.1,621,106,189,326,6.4,9.1
2023,408.2,583,100,185,297,6.0,8.5
2024,404.4,563,99,180,284,5.9,8.2
