serie,annee,valeur,unite,source
places_pourvues_medecine,1972,8588,places,"DREES Dossier 76, graphique 8 (ONDPS)"
places_pourvues_medecine,1973,8571,places,"DREES Dossier 76, graphique 8 (ONDPS)"
places_pourvues_medecine,1974,8564,places,"DREES Dossier 76, graphique 8 (ONDPS)"
places_pourvues_medecine,1975,8607,places,"DREES Dossier 76, graphique 8 (ONDPS)"
places_pourvues_medecine,1976,8669,places,"DREES Dossier 76, graphique 8 (ONDPS)"
places_pourvues_medecine,1977,8736,places,"DREES Dossier 76, graphique 8 (ONDPS)"
places_pourvues_medecine,1978,8281,places,"DREES Dossier 76, graphique 8 (ONDPS)"
places_pourvues_medecine,1979,7913,places,"DREES Dossier 76, graphique 8 (ONDPS)"
places_pourvues_medecine,1980,7121,places,"DREES Dossier 76, graphique 8 (ONDPS)"
places_pourvues_medecine,1981,6389,places,"DREES Dossier 76, graphique 8 (ONDPS)"
places_pourvues_medecine,1982,6389,places,"DREES Dossier 76, graphique 8 (ONDPS)"
places_pourvues_medecine,1983,5900,places,"DREES Dossier 76, graphique 8 (ONDPS)"
places_pourvues_medecine,1984,5000,places,"DREES Dossier 76, graphique 8 (ONDPS)"
places_pourvues_medecine,1985,4754,places,"DREES Dossier 76, graphique 8 (ONDPS)"
places_pourvues_medecine,1986,4754,places,"DREES Dossier 76, graphique 8 (ONDPS)"
places_pourvues_medecine,1987,4460,places,"DREES Dossier 76, graphique 8 (ONDPS)"
places_pourvues_medecine,1988,4100,places,"DREES Dossier 76, graphique 8 (ONDPS)"
places_pourvues_medecine,1989,4100,places,"DREES Dossier 76, graphique 8 (ONDPS)"
places_pourvues_medecine,1990,4000,places,"DREES Dossier 76, graphique 8 (ONDPS)"
places_pourvues_medecine,1991,4000,places,"DREES Dossier 76, graphique 8 (ONDPS)"
places_pourvues_medecine,1992,3750,places,"DREES Dossier 76, graphique 8 (ONDPS)"
places_pourvues_medecine,1993,3500,places,"DREES Dossier 76, graphique 8 (ONDPS)"
places_pourvues_medecine,1994,3570,places,"DREES Dossier 76, graphique 8 (ONDPS)"
places_pourvues_medecine,1995,3570,places,"DREES Dossier 76, graphique 8 (ONDPS)"
places_pourvues_medecine,1996,3576,places,"DREES Dossier 76, graphique 8 (ONDPS)"
places_pourvues_medecine,1997,3576,places,"DREES Dossier 76, graphique 8 (ONDPS)"
places_pourvues_medecine,1998,3583,places,"DREES Dossier 76, graphique 8 (ONDPS)"
places_pourvues_medecine,1999,3700,places,"DREES Dossier 76, graphique 8 (ONDPS)"
places_pourvues_medecine,2000,3850,places,"DREES Dossier 76, graphique 8 (ONDPS)"
places_pourvues_medecine,2001,4100,places,"DREES Dossier 76, graphique 8 (ONDPS)"
places_pourvues_medecine,2002,4700,places,"DREES Dossier 76, graphique 8 (ONDPS)"
places_pourvues_medecine,2003,5100,places,"DREES Dossier 76, graphique 8 (ONDPS)"
places_pourvues_medecine,2004,5550,places,"DREES Dossier 76, graphique 8 (ONDPS)"
places_pourvues_medecine,2005,6200,places,"DREES Dossier 76, graphique 8 (ONDPS)"
places_pourvues_medecine,2006,7013,places,"DREES Dossier 76, graphique 8 (ONDPS)"
places_pourvues_medecine,2007,7100,places,"DREES Dossier 76, graphique 8 (ONDPS)"
places_pourvues_medecine,2008,7300,places,"DREES Dossier 76, graphique 8 (ONDPS)"
places_pourvues_medecine,2009,7400,places,"DREES Dossier 76, graphique 8 (ONDPS)"
places_pourvues_medecine,2010,7515,places,"DREES Dossier 76, graphique 8 (ONDPS)"
places_pourvues_medecine,2011,7668,places,"DREES Dossier 76, graphique 8 (ONDPS)"
places_pourvues_medecine,2012,7850,places,"DREES Dossier 76, graphique 8 (ONDPS)"
places_pourvues_medecine,2013,7870,places,"DREES Dossier 76, graphique 8 (ONDPS)"
places_pourvues_medecine,2014,7890,places,"DREES Dossier 76, graphique 8 (ONDPS)"
places_pourvues_medecine,2015,7880,places,"DREES Dossier 76, graphique 8 (ONDPS)"
places_pourvues_medecine,2016,8018,places,"DREES Dossier 76, graphique 8 (ONDPS)"
places_pourvues_medecine,2017,8473,places,"DREES Dossier 76, graphique 8 (ONDPS)"
places_pourvues_medecine,2018,8563,places,"DREES Dossier 76, graphique 8 (ONDPS)"
places_pourvues_medecine,2019,9204,places,"DREES Dossier 76, graphique 8 (ONDPS)"
places_pourvues_medecine,2020,9361,places,"DREES Dossier 76, graphique 8 (ONDPS)"
admis_medecine,2021,11310,étudiants,"ONDPS, bilan 2021-2025, figure 1"
admis_medecine,2022,10806,étudiants,"ONDPS, bilan 2021-2025, figure 1"
admis_medecine,2023,10882,étudiants,"ONDPS, bilan 2021-2025, figure 1"
admis_medecine,2024,10947,étudiants,"ONDPS, bilan 2021-2025, figure 1"
admis_medecine,2025,11133,étudiants,"ONDPS, bilan 2021-2025, figure 1"
medecins_actifs_diplome_etranger,2012,14163,médecins,"DREES RPPS, 1er janvier"
medecins_actifs_ensemble,2012,215930,médecins,"DREES RPPS, 1er janvier"
medecins_actifs_diplome_etranger,2026,27464,médecins,"DREES RPPS, 1er janvier"
medecins_actifs_ensemble,2026,242185,médecins,"DREES RPPS, 1er janvier"
cursus_mg_premier_cycle_semestres,,6,,texte en vigueur (Légifrance)
cursus_mg_deuxieme_cycle_semestres,,6,,texte en vigueur (Légifrance)
cursus_mg_troisieme_cycle_annees,,4,,texte en vigueur (Légifrance)
mandat_presidentiel_annees,,5,,texte en vigueur (Légifrance)
rapport_cursus_mandat,,2,,texte en vigueur (Légifrance)
