serie,identifiant,date,objet,article,variable,valeur,source
referendum_national,61-4,1961-01-08,Autodétermination des populations algériennes,11,inscrits,32520233,"Conseil constitutionnel, proclamation 61-4 (ECLI:FR:CC:1961:61.4.REF)"
referendum_national,61-4,1961-01-08,Autodétermination des populations algériennes,11,votants,23986913,"Conseil constitutionnel, proclamation 61-4 (ECLI:FR:CC:1961:61.4.REF)"
referendum_national,61-4,1961-01-08,Autodétermination des populations algériennes,11,exprimes,23265444,"Conseil constitutionnel, proclamation 61-4 (ECLI:FR:CC:1961:61.4.REF)"
referendum_national,61-4,1961-01-08,Autodétermination des populations algériennes,11,oui,17447669,"Conseil constitutionnel, proclamation 61-4 (ECLI:FR:CC:1961:61.4.REF)"
referendum_national,61-4,1961-01-08,Autodétermination des populations algériennes,11,non,5817775,"Conseil constitutionnel, proclamation 61-4 (ECLI:FR:CC:1961:61.4.REF)"
referendum_national,62-7,1962-04-08,Accords d'Évian sur l'Algérie,11,inscrits,27582072,"Conseil constitutionnel, proclamation 62-7 (ECLI:FR:CC:1962:62.7.REF)"
referendum_national,62-7,1962-04-08,Accords d'Évian sur l'Algérie,11,votants,20779303,"Conseil constitutionnel, proclamation 62-7 (ECLI:FR:CC:1962:62.7.REF)"
referendum_national,62-7,1962-04-08,Accords d'Évian sur l'Algérie,11,exprimes,19675497,"Conseil constitutionnel, proclamation 62-7 (ECLI:FR:CC:1962:62.7.REF)"
referendum_national,62-7,1962-04-08,Accords d'Évian sur l'Algérie,11,oui,17866423,"Conseil constitutionnel, proclamation 62-7 (ECLI:FR:CC:1962:62.7.REF)"
referendum_national,62-7,1962-04-08,Accords d'Évian sur l'Algérie,11,non,1809074,"Conseil constitutionnel, proclamation 62-7 (ECLI:FR:CC:1962:62.7.REF)"
referendum_national,62-9,1962-10-28,Élection du président de la République au suffrage universel,11,inscrits,28185478,"Conseil constitutionnel, proclamation 62-9 (ECLI:FR:CC:1962:62.9.REF)"
referendum_national,62-9,1962-10-28,Élection du président de la République au suffrage universel,11,votants,21694563,"Conseil constitutionnel, proclamation 62-9 (ECLI:FR:CC:1962:62.9.REF)"
referendum_national,62-9,1962-10-28,Élection du président de la République au suffrage universel,11,exprimes,21125054,"Conseil constitutionnel, proclamation 62-9 (ECLI:FR:CC:1962:62.9.REF)"
referendum_national,62-9,1962-10-28,Élection du président de la République au suffrage universel,11,oui,13150516,"Conseil constitutionnel, proclamation 62-9 (ECLI:FR:CC:1962:62.9.REF)"
referendum_national,62-9,1962-10-28,Élection du président de la République au suffrage universel,11,non,7974538,"Conseil constitutionnel, proclamation 62-9 (ECLI:FR:CC:1962:62.9.REF)"
referendum_national,69-10,1969-04-27,Création de régions et rénovation du Sénat,11,inscrits,29392390,"Conseil constitutionnel, proclamation 69-10 (ECLI:FR:CC:1969:69.10.REF)"
referendum_national,69-10,1969-04-27,Création de régions et rénovation du Sénat,11,votants,23552611,"Conseil constitutionnel, proclamation 69-10 (ECLI:FR:CC:1969:69.10.REF)"
referendum_national,69-10,1969-04-27,Création de régions et rénovation du Sénat,11,exprimes,22908855,"Conseil constitutionnel, proclamation 69-10 (ECLI:FR:CC:1969:69.10.REF)"
referendum_national,69-10,1969-04-27,Création de régions et rénovation du Sénat,11,oui,10901753,"Conseil constitutionnel, proclamation 69-10 (ECLI:FR:CC:1969:69.10.REF)"
referendum_national,69-10,1969-04-27,Création de régions et rénovation du Sénat,11,non,12007102,"Conseil constitutionnel, proclamation 69-10 (ECLI:FR:CC:1969:69.10.REF)"
referendum_national,72-11,1972-04-23,Élargissement de la Communauté européenne,11,inscrits,29820464,"Conseil constitutionnel, proclamation 72-11 (ECLI:FR:CC:1972:72.11.REF)"
referendum_national,72-11,1972-04-23,Élargissement de la Communauté européenne,11,votants,17964607,"Conseil constitutionnel, proclamation 72-11 (ECLI:FR:CC:1972:72.11.REF)"
referendum_national,72-11,1972-04-23,Élargissement de la Communauté européenne,11,exprimes,15878488,"Conseil constitutionnel, proclamation 72-11 (ECLI:FR:CC:1972:72.11.REF)"
referendum_national,72-11,1972-04-23,Élargissement de la Communauté européenne,11,oui,10847554,"Conseil constitutionnel, proclamation 72-11 (ECLI:FR:CC:1972:72.11.REF)"
referendum_national,72-11,1972-04-23,Élargissement de la Communauté européenne,11,non,5030934,"Conseil constitutionnel, proclamation 72-11 (ECLI:FR:CC:1972:72.11.REF)"
referendum_national,88-14,1988-11-06,Statut de la Nouvelle-Calédonie et autodétermination en 1998,11,inscrits,38025823,"Conseil constitutionnel, proclamation 88-14 (ECLI:FR:CC:1988:88.14.REF)"
referendum_national,88-14,1988-11-06,Statut de la Nouvelle-Calédonie et autodétermination en 1998,11,votants,14028705,"Conseil constitutionnel, proclamation 88-14 (ECLI:FR:CC:1988:88.14.REF)"
referendum_national,88-14,1988-11-06,Statut de la Nouvelle-Calédonie et autodétermination en 1998,11,exprimes,12371046,"Conseil constitutionnel, proclamation 88-14 (ECLI:FR:CC:1988:88.14.REF)"
referendum_national,88-14,1988-11-06,Statut de la Nouvelle-Calédonie et autodétermination en 1998,11,oui,9896498,"Conseil constitutionnel, proclamation 88-14 (ECLI:FR:CC:1988:88.14.REF)"
referendum_national,88-14,1988-11-06,Statut de la Nouvelle-Calédonie et autodétermination en 1998,11,non,2474548,"Conseil constitutionnel, proclamation 88-14 (ECLI:FR:CC:1988:88.14.REF)"
referendum_national,92-19,1992-09-20,Ratification du traité sur l'Union européenne (Maastricht),11,inscrits,38305534,"Conseil constitutionnel, proclamation 92-19 (ECLI:FR:CC:1992:92.19.REF)"
referendum_national,92-19,1992-09-20,Ratification du traité sur l'Union européenne (Maastricht),11,votants,26695951,"Conseil constitutionnel, proclamation 92-19 (ECLI:FR:CC:1992:92.19.REF)"
referendum_national,92-19,1992-09-20,Ratification du traité sur l'Union européenne (Maastricht),11,exprimes,25786574,"Conseil constitutionnel, proclamation 92-19 (ECLI:FR:CC:1992:92.19.REF)"
referendum_national,92-19,1992-09-20,Ratification du traité sur l'Union européenne (Maastricht),11,oui,13162992,"Conseil constitutionnel, proclamation 92-19 (ECLI:FR:CC:1992:92.19.REF)"
referendum_national,92-19,1992-09-20,Ratification du traité sur l'Union européenne (Maastricht),11,non,12623582,"Conseil constitutionnel, proclamation 92-19 (ECLI:FR:CC:1992:92.19.REF)"
referendum_national,2000-29,2000-09-24,Durée du mandat du président de la République (quinquennat),89,inscrits,39941192,"Conseil constitutionnel, proclamation 2000-29 (ECLI:FR:CC:2000:2000.29.REF)"
referendum_national,2000-29,2000-09-24,Durée du mandat du président de la République (quinquennat),89,votants,12058688,"Conseil constitutionnel, proclamation 2000-29 (ECLI:FR:CC:2000:2000.29.REF)"
referendum_national,2000-29,2000-09-24,Durée du mandat du président de la République (quinquennat),89,exprimes,10118348,"Conseil constitutionnel, proclamation 2000-29 (ECLI:FR:CC:2000:2000.29.REF)"
referendum_national,2000-29,2000-09-24,Durée du mandat du président de la République (quinquennat),89,oui,7407697,"Conseil constitutionnel, proclamation 2000-29 (ECLI:FR:CC:2000:2000.29.REF)"
referendum_national,2000-29,2000-09-24,Durée du mandat du président de la République (quinquennat),89,non,2710651,"Conseil constitutionnel, proclamation 2000-29 (ECLI:FR:CC:2000:2000.29.REF)"
referendum_national,2005-38,2005-05-29,Ratification du traité établissant une Constitution pour l'Europe,11,inscrits,41789202,"Conseil constitutionnel, proclamation 2005-38 (ECLI:FR:CC:2005:2005.38.REF)"
referendum_national,2005-38,2005-05-29,Ratification du traité établissant une Constitution pour l'Europe,11,votants,28988300,"Conseil constitutionnel, proclamation 2005-38 (ECLI:FR:CC:2005:2005.38.REF)"
referendum_national,2005-38,2005-05-29,Ratification du traité établissant une Constitution pour l'Europe,11,exprimes,28257778,"Conseil constitutionnel, proclamation 2005-38 (ECLI:FR:CC:2005:2005.38.REF)"
referendum_national,2005-38,2005-05-29,Ratification du traité établissant une Constitution pour l'Europe,11,oui,12808270,"Conseil constitutionnel, proclamation 2005-38 (ECLI:FR:CC:2005:2005.38.REF)"
referendum_national,2005-38,2005-05-29,Ratification du traité établissant une Constitution pour l'Europe,11,non,15449508,"Conseil constitutionnel, proclamation 2005-38 (ECLI:FR:CC:2005:2005.38.REF)"
rip,2019-1,2019-05-09,"Aérodromes de Paris, service public national",11 al. 3,solution,Conformité,"Conseil constitutionnel, décision 2019-1 RIP"
rip,2019-1,2019-05-09,"Aérodromes de Paris, service public national",11 al. 3,soutiens,1093030,décision 2019-1-8 RIP
rip,2019-1,2019-05-09,"Aérodromes de Paris, service public national",11 al. 3,seuil,4717396,décision 2019-1-8 RIP
rip,2021-2,2021-08-06,Service public hospitalier (loi de programmation),11 al. 3,solution,Non conformité,"Conseil constitutionnel, décision 2021-2 RIP"
rip,2022-3,2022-10-25,Contribution sur les bénéfices exceptionnels des grandes entreprises,11 al. 3,solution,Non conformité,"Conseil constitutionnel, décision 2022-3 RIP"
rip,2023-4,2023-04-14,Âge légal de départ à la retraite : pas au-delà de 62 ans,11 al. 3,solution,Non conformité,"Conseil constitutionnel, décision 2023-4 RIP"
rip,2023-5,2023-05-03,Âge légal de départ à la retraite : pas au-delà de 62 ans (seconde proposition),11 al. 3,solution,Non conformité,"Conseil constitutionnel, décision 2023-5 RIP"
rip,2024-6,2024-04-11,Accès des étrangers aux prestations sociales,11 al. 3,solution,Non conformité,"Conseil constitutionnel, décision 2024-6 RIP"
rip,2026-7,2026-06-17,Exclure de la notion de soin la provocation active de la mort,11 al. 3,solution,Non conformité,"Conseil constitutionnel, décision 2026-7 RIP"
depot_art11_sans_saisine,AN XVe 1749,2019-03-06,mesures d'exception contre les djihadistes français ayant combattu en Irak et en Syrie,11 al. 3,decision_du_conseil,aucune,"Assemblée nationale, données ouvertes"
depot_art11_sans_saisine,AN XVe 5203,2022-04-05,lutter contre les mauvais traitements envers les animaux,11 al. 3,decision_du_conseil,aucune,"Assemblée nationale, données ouvertes"
