serie,cle,variable,valeur,source
votes_conseil_2009_2026,AT,contre,36,"Conseil de l'UE, recherche des résultats de vote, relevé du 2026-10-06"
votes_conseil_2009_2026,AT,abstention,67,"Conseil de l'UE, recherche des résultats de vote, relevé du 2026-10-06"
votes_conseil_2009_2026,AT,ne_participe_pas,0,"Conseil de l'UE, recherche des résultats de vote, relevé du 2026-10-06"
votes_conseil_2009_2026,BE,contre,7,"Conseil de l'UE, recherche des résultats de vote, relevé du 2026-10-06"
votes_conseil_2009_2026,BE,abstention,47,"Conseil de l'UE, recherche des résultats de vote, relevé du 2026-10-06"
votes_conseil_2009_2026,BE,ne_participe_pas,0,"Conseil de l'UE, recherche des résultats de vote, relevé du 2026-10-06"
votes_conseil_2009_2026,BG,contre,19,"Conseil de l'UE, recherche des résultats de vote, relevé du 2026-10-06"
votes_conseil_2009_2026,BG,abstention,48,"Conseil de l'UE, recherche des résultats de vote, relevé du 2026-10-06"
votes_conseil_2009_2026,BG,ne_participe_pas,1,"Conseil de l'UE, recherche des résultats de vote, relevé du 2026-10-06"
votes_conseil_2009_2026,CY,contre,13,"Conseil de l'UE, recherche des résultats de vote, relevé du 2026-10-06"
votes_conseil_2009_2026,CY,abstention,1,"Conseil de l'UE, recherche des résultats de vote, relevé du 2026-10-06"
votes_conseil_2009_2026,CY,ne_participe_pas,1,"Conseil de l'UE, recherche des résultats de vote, relevé du 2026-10-06"
votes_conseil_2009_2026,CZ,contre,19,"Conseil de l'UE, recherche des résultats de vote, relevé du 2026-10-06"
votes_conseil_2009_2026,CZ,abstention,54,"Conseil de l'UE, recherche des résultats de vote, relevé du 2026-10-06"
votes_conseil_2009_2026,CZ,ne_participe_pas,3,"Conseil de l'UE, recherche des résultats de vote, relevé du 2026-10-06"
votes_conseil_2009_2026,DE,contre,32,"Conseil de l'UE, recherche des résultats de vote, relevé du 2026-10-06"
votes_conseil_2009_2026,DE,abstention,48,"Conseil de l'UE, recherche des résultats de vote, relevé du 2026-10-06"
votes_conseil_2009_2026,DE,ne_participe_pas,0,"Conseil de l'UE, recherche des résultats de vote, relevé du 2026-10-06"
votes_conseil_2009_2026,DK,contre,29,"Conseil de l'UE, recherche des résultats de vote, relevé du 2026-10-06"
votes_conseil_2009_2026,DK,abstention,12,"Conseil de l'UE, recherche des résultats de vote, relevé du 2026-10-06"
votes_conseil_2009_2026,DK,ne_participe_pas,159,"Conseil de l'UE, recherche des résultats de vote, relevé du 2026-10-06"
votes_conseil_2009_2026,EE,contre,7,"Conseil de l'UE, recherche des résultats de vote, relevé du 2026-10-06"
votes_conseil_2009_2026,EE,abstention,26,"Conseil de l'UE, recherche des résultats de vote, relevé du 2026-10-06"
votes_conseil_2009_2026,EE,ne_participe_pas,3,"Conseil de l'UE, recherche des résultats de vote, relevé du 2026-10-06"
votes_conseil_2009_2026,EL,contre,7,"Conseil de l'UE, recherche des résultats de vote, relevé du 2026-10-06"
votes_conseil_2009_2026,EL,abstention,7,"Conseil de l'UE, recherche des résultats de vote, relevé du 2026-10-06"
votes_conseil_2009_2026,EL,ne_participe_pas,1,"Conseil de l'UE, recherche des résultats de vote, relevé du 2026-10-06"
votes_conseil_2009_2026,ES,contre,17,"Conseil de l'UE, recherche des résultats de vote, relevé du 2026-10-06"
votes_conseil_2009_2026,ES,abstention,14,"Conseil de l'UE, recherche des résultats de vote, relevé du 2026-10-06"
votes_conseil_2009_2026,ES,ne_participe_pas,2,"Conseil de l'UE, recherche des résultats de vote, relevé du 2026-10-06"
votes_conseil_2009_2026,FI,contre,19,"Conseil de l'UE, recherche des résultats de vote, relevé du 2026-10-06"
votes_conseil_2009_2026,FI,abstention,11,"Conseil de l'UE, recherche des résultats de vote, relevé du 2026-10-06"
votes_conseil_2009_2026,FI,ne_participe_pas,1,"Conseil de l'UE, recherche des résultats de vote, relevé du 2026-10-06"
votes_conseil_2009_2026,FR,contre,2,"Conseil de l'UE, recherche des résultats de vote, relevé du 2026-10-06"
votes_conseil_2009_2026,FR,abstention,3,"Conseil de l'UE, recherche des résultats de vote, relevé du 2026-10-06"
votes_conseil_2009_2026,FR,ne_participe_pas,0,"Conseil de l'UE, recherche des résultats de vote, relevé du 2026-10-06"
votes_conseil_2009_2026,HR,contre,4,"Conseil de l'UE, recherche des résultats de vote, relevé du 2026-10-06"
votes_conseil_2009_2026,HR,abstention,12,"Conseil de l'UE, recherche des résultats de vote, relevé du 2026-10-06"
votes_conseil_2009_2026,HR,ne_participe_pas,1,"Conseil de l'UE, recherche des résultats de vote, relevé du 2026-10-06"
votes_conseil_2009_2026,HU,contre,79,"Conseil de l'UE, recherche des résultats de vote, relevé du 2026-10-06"
votes_conseil_2009_2026,HU,abstention,47,"Conseil de l'UE, recherche des résultats de vote, relevé du 2026-10-06"
votes_conseil_2009_2026,HU,ne_participe_pas,4,"Conseil de l'UE, recherche des résultats de vote, relevé du 2026-10-06"
votes_conseil_2009_2026,IE,contre,5,"Conseil de l'UE, recherche des résultats de vote, relevé du 2026-10-06"
votes_conseil_2009_2026,IE,abstention,12,"Conseil de l'UE, recherche des résultats de vote, relevé du 2026-10-06"
votes_conseil_2009_2026,IE,ne_participe_pas,106,"Conseil de l'UE, recherche des résultats de vote, relevé du 2026-10-06"
votes_conseil_2009_2026,IT,contre,18,"Conseil de l'UE, recherche des résultats de vote, relevé du 2026-10-06"
votes_conseil_2009_2026,IT,abstention,12,"Conseil de l'UE, recherche des résultats de vote, relevé du 2026-10-06"
votes_conseil_2009_2026,IT,ne_participe_pas,2,"Conseil de l'UE, recherche des résultats de vote, relevé du 2026-10-06"
votes_conseil_2009_2026,LT,contre,6,"Conseil de l'UE, recherche des résultats de vote, relevé du 2026-10-06"
votes_conseil_2009_2026,LT,abstention,7,"Conseil de l'UE, recherche des résultats de vote, relevé du 2026-10-06"
votes_conseil_2009_2026,LT,ne_participe_pas,3,"Conseil de l'UE, recherche des résultats de vote, relevé du 2026-10-06"
votes_conseil_2009_2026,LU,contre,15,"Conseil de l'UE, recherche des résultats de vote, relevé du 2026-10-06"
votes_conseil_2009_2026,LU,abstention,18,"Conseil de l'UE, recherche des résultats de vote, relevé du 2026-10-06"
votes_conseil_2009_2026,LU,ne_participe_pas,0,"Conseil de l'UE, recherche des résultats de vote, relevé du 2026-10-06"
votes_conseil_2009_2026,LV,contre,7,"Conseil de l'UE, recherche des résultats de vote, relevé du 2026-10-06"
votes_conseil_2009_2026,LV,abstention,20,"Conseil de l'UE, recherche des résultats de vote, relevé du 2026-10-06"
votes_conseil_2009_2026,LV,ne_participe_pas,3,"Conseil de l'UE, recherche des résultats de vote, relevé du 2026-10-06"
votes_conseil_2009_2026,MT,contre,15,"Conseil de l'UE, recherche des résultats de vote, relevé du 2026-10-06"
votes_conseil_2009_2026,MT,abstention,17,"Conseil de l'UE, recherche des résultats de vote, relevé du 2026-10-06"
votes_conseil_2009_2026,MT,ne_participe_pas,0,"Conseil de l'UE, recherche des résultats de vote, relevé du 2026-10-06"
votes_conseil_2009_2026,NL,contre,41,"Conseil de l'UE, recherche des résultats de vote, relevé du 2026-10-06"
votes_conseil_2009_2026,NL,abstention,24,"Conseil de l'UE, recherche des résultats de vote, relevé du 2026-10-06"
votes_conseil_2009_2026,NL,ne_participe_pas,1,"Conseil de l'UE, recherche des résultats de vote, relevé du 2026-10-06"
votes_conseil_2009_2026,PL,contre,57,"Conseil de l'UE, recherche des résultats de vote, relevé du 2026-10-06"
votes_conseil_2009_2026,PL,abstention,40,"Conseil de l'UE, recherche des résultats de vote, relevé du 2026-10-06"
votes_conseil_2009_2026,PL,ne_participe_pas,4,"Conseil de l'UE, recherche des résultats de vote, relevé du 2026-10-06"
votes_conseil_2009_2026,PT,contre,8,"Conseil de l'UE, recherche des résultats de vote, relevé du 2026-10-06"
votes_conseil_2009_2026,PT,abstention,19,"Conseil de l'UE, recherche des résultats de vote, relevé du 2026-10-06"
votes_conseil_2009_2026,PT,ne_participe_pas,0,"Conseil de l'UE, recherche des résultats de vote, relevé du 2026-10-06"
votes_conseil_2009_2026,RO,contre,9,"Conseil de l'UE, recherche des résultats de vote, relevé du 2026-10-06"
votes_conseil_2009_2026,RO,abstention,11,"Conseil de l'UE, recherche des résultats de vote, relevé du 2026-10-06"
votes_conseil_2009_2026,RO,ne_participe_pas,3,"Conseil de l'UE, recherche des résultats de vote, relevé du 2026-10-06"
votes_conseil_2009_2026,SE,contre,41,"Conseil de l'UE, recherche des résultats de vote, relevé du 2026-10-06"
votes_conseil_2009_2026,SE,abstention,13,"Conseil de l'UE, recherche des résultats de vote, relevé du 2026-10-06"
votes_conseil_2009_2026,SE,ne_participe_pas,2,"Conseil de l'UE, recherche des résultats de vote, relevé du 2026-10-06"
votes_conseil_2009_2026,SI,contre,6,"Conseil de l'UE, recherche des résultats de vote, relevé du 2026-10-06"
votes_conseil_2009_2026,SI,abstention,15,"Conseil de l'UE, recherche des résultats de vote, relevé du 2026-10-06"
votes_conseil_2009_2026,SI,ne_participe_pas,0,"Conseil de l'UE, recherche des résultats de vote, relevé du 2026-10-06"
votes_conseil_2009_2026,SK,contre,23,"Conseil de l'UE, recherche des résultats de vote, relevé du 2026-10-06"
votes_conseil_2009_2026,SK,abstention,35,"Conseil de l'UE, recherche des résultats de vote, relevé du 2026-10-06"
votes_conseil_2009_2026,SK,ne_participe_pas,4,"Conseil de l'UE, recherche des résultats de vote, relevé du 2026-10-06"
votes_conseil_2009_2026,UK,contre,56,"Conseil de l'UE, recherche des résultats de vote, relevé du 2026-10-06"
votes_conseil_2009_2026,UK,abstention,118,"Conseil de l'UE, recherche des résultats de vote, relevé du 2026-10-06"
votes_conseil_2009_2026,UK,ne_participe_pas,72,"Conseil de l'UE, recherche des résultats de vote, relevé du 2026-10-06"
votes_france_hors_pour,2014-02-17,contre,Règlement sur les vins aromatisés (n° 251/2014),Conseil de l'UE
votes_france_hors_pour,2014-05-08,abstention,Directive modifiant la directive 2001/110/CE relative au miel,Conseil de l'UE
votes_france_hors_pour,2015-10-01,abstention,Règlement sur le commerce des produits dérivés du phoque,Conseil de l'UE
votes_france_hors_pour,2025-07-08,abstention,Décision sur l'accord d'interprétation du traité sur la Charte de l'énergie,Conseil de l'UE
votes_france_hors_pour,2026-02-23,contre,Règlement sur la notion de « pays tiers sûr » (2025/0132 (COD)),Conseil de l'UE
bases_tfue,100(2),procedure_legislative_ordinaire,base,"TFUE consolidé, JO C 202 du 07/06/2016"
bases_tfue,114(1),procedure_legislative_ordinaire,base,"TFUE consolidé, JO C 202 du 07/06/2016"
bases_tfue,"116, al. 2",procedure_legislative_ordinaire,base,"TFUE consolidé, JO C 202 du 07/06/2016"
bases_tfue,"118, al. 1",procedure_legislative_ordinaire,base,"TFUE consolidé, JO C 202 du 07/06/2016"
bases_tfue,121(6),procedure_legislative_ordinaire,base,"TFUE consolidé, JO C 202 du 07/06/2016"
bases_tfue,129(3),procedure_legislative_ordinaire,base,"TFUE consolidé, JO C 202 du 07/06/2016"
bases_tfue,"133, al. 1",procedure_legislative_ordinaire,base,"TFUE consolidé, JO C 202 du 07/06/2016"
bases_tfue,"14, al. 1",procedure_legislative_ordinaire,base,"TFUE consolidé, JO C 202 du 07/06/2016"
bases_tfue,"149, al. 1",procedure_legislative_ordinaire,base,"TFUE consolidé, JO C 202 du 07/06/2016"
bases_tfue,15(3),procedure_legislative_ordinaire,base,"TFUE consolidé, JO C 202 du 07/06/2016"
bases_tfue,153(2),procedure_legislative_ordinaire,base,"TFUE consolidé, JO C 202 du 07/06/2016"
bases_tfue,157(3),procedure_legislative_ordinaire,base,"TFUE consolidé, JO C 202 du 07/06/2016"
bases_tfue,16(2),procedure_legislative_ordinaire,base,"TFUE consolidé, JO C 202 du 07/06/2016"
bases_tfue,"164, al. 1",procedure_legislative_ordinaire,base,"TFUE consolidé, JO C 202 du 07/06/2016"
bases_tfue,165(4),procedure_legislative_ordinaire,base,"TFUE consolidé, JO C 202 du 07/06/2016"
bases_tfue,166(4),procedure_legislative_ordinaire,base,"TFUE consolidé, JO C 202 du 07/06/2016"
bases_tfue,167(5),procedure_legislative_ordinaire,base,"TFUE consolidé, JO C 202 du 07/06/2016"
bases_tfue,168(4),procedure_legislative_ordinaire,base,"TFUE consolidé, JO C 202 du 07/06/2016"
bases_tfue,168(5),procedure_legislative_ordinaire,base,"TFUE consolidé, JO C 202 du 07/06/2016"
bases_tfue,169(3),procedure_legislative_ordinaire,base,"TFUE consolidé, JO C 202 du 07/06/2016"
bases_tfue,"172, al. 1",procedure_legislative_ordinaire,base,"TFUE consolidé, JO C 202 du 07/06/2016"
bases_tfue,173(3),procedure_legislative_ordinaire,base,"TFUE consolidé, JO C 202 du 07/06/2016"
bases_tfue,"175, al. 3",procedure_legislative_ordinaire,base,"TFUE consolidé, JO C 202 du 07/06/2016"
bases_tfue,"177, al. 1",procedure_legislative_ordinaire,base,"TFUE consolidé, JO C 202 du 07/06/2016"
bases_tfue,"177, al. 2",procedure_legislative_ordinaire,base,"TFUE consolidé, JO C 202 du 07/06/2016"
bases_tfue,"178, al. 1",procedure_legislative_ordinaire,base,"TFUE consolidé, JO C 202 du 07/06/2016"
bases_tfue,"18, al. 2",procedure_legislative_ordinaire,base,"TFUE consolidé, JO C 202 du 07/06/2016"
bases_tfue,182(1),procedure_legislative_ordinaire,base,"TFUE consolidé, JO C 202 du 07/06/2016"
bases_tfue,182(5),procedure_legislative_ordinaire,base,"TFUE consolidé, JO C 202 du 07/06/2016"
bases_tfue,"188, al. 2",procedure_legislative_ordinaire,base,"TFUE consolidé, JO C 202 du 07/06/2016"
bases_tfue,189(2),procedure_legislative_ordinaire,base,"TFUE consolidé, JO C 202 du 07/06/2016"
bases_tfue,19(2),procedure_legislative_ordinaire,base,"TFUE consolidé, JO C 202 du 07/06/2016"
bases_tfue,192(1),procedure_legislative_ordinaire,base,"TFUE consolidé, JO C 202 du 07/06/2016"
bases_tfue,192(3),procedure_legislative_ordinaire,base,"TFUE consolidé, JO C 202 du 07/06/2016"
bases_tfue,194(2),procedure_legislative_ordinaire,base,"TFUE consolidé, JO C 202 du 07/06/2016"
bases_tfue,195(2),procedure_legislative_ordinaire,base,"TFUE consolidé, JO C 202 du 07/06/2016"
bases_tfue,196(2),procedure_legislative_ordinaire,base,"TFUE consolidé, JO C 202 du 07/06/2016"
bases_tfue,197(2),procedure_legislative_ordinaire,base,"TFUE consolidé, JO C 202 du 07/06/2016"
bases_tfue,207(2),procedure_legislative_ordinaire,base,"TFUE consolidé, JO C 202 du 07/06/2016"
bases_tfue,209(1),procedure_legislative_ordinaire,base,"TFUE consolidé, JO C 202 du 07/06/2016"
bases_tfue,21(2),procedure_legislative_ordinaire,base,"TFUE consolidé, JO C 202 du 07/06/2016"
bases_tfue,212(2),procedure_legislative_ordinaire,base,"TFUE consolidé, JO C 202 du 07/06/2016"
bases_tfue,214(3),procedure_legislative_ordinaire,base,"TFUE consolidé, JO C 202 du 07/06/2016"
bases_tfue,214(5),procedure_legislative_ordinaire,base,"TFUE consolidé, JO C 202 du 07/06/2016"
bases_tfue,"224, al. 1",procedure_legislative_ordinaire,base,"TFUE consolidé, JO C 202 du 07/06/2016"
bases_tfue,"24, al. 1",procedure_legislative_ordinaire,base,"TFUE consolidé, JO C 202 du 07/06/2016"
bases_tfue,"257, al. 1",procedure_legislative_ordinaire,base,"TFUE consolidé, JO C 202 du 07/06/2016"
bases_tfue,"281, al. 2",procedure_legislative_ordinaire,base,"TFUE consolidé, JO C 202 du 07/06/2016"
bases_tfue,291(3),procedure_legislative_ordinaire,base,"TFUE consolidé, JO C 202 du 07/06/2016"
bases_tfue,298(2),procedure_legislative_ordinaire,base,"TFUE consolidé, JO C 202 du 07/06/2016"
bases_tfue,322(1),procedure_legislative_ordinaire,base,"TFUE consolidé, JO C 202 du 07/06/2016"
bases_tfue,325(4),procedure_legislative_ordinaire,base,"TFUE consolidé, JO C 202 du 07/06/2016"
bases_tfue,"33, al. 1",procedure_legislative_ordinaire,base,"TFUE consolidé, JO C 202 du 07/06/2016"
bases_tfue,"336, al. 1",procedure_legislative_ordinaire,base,"TFUE consolidé, JO C 202 du 07/06/2016"
bases_tfue,338(1),procedure_legislative_ordinaire,base,"TFUE consolidé, JO C 202 du 07/06/2016"
bases_tfue,"42, al. 1",procedure_legislative_ordinaire,base,"TFUE consolidé, JO C 202 du 07/06/2016"
bases_tfue,43(2),procedure_legislative_ordinaire,base,"TFUE consolidé, JO C 202 du 07/06/2016"
bases_tfue,"46, al. 1",procedure_legislative_ordinaire,base,"TFUE consolidé, JO C 202 du 07/06/2016"
bases_tfue,"48, al. 1",procedure_legislative_ordinaire,base,"TFUE consolidé, JO C 202 du 07/06/2016"
bases_tfue,50(1),procedure_legislative_ordinaire,base,"TFUE consolidé, JO C 202 du 07/06/2016"
bases_tfue,"51, al. 2",procedure_legislative_ordinaire,base,"TFUE consolidé, JO C 202 du 07/06/2016"
bases_tfue,52(2),procedure_legislative_ordinaire,base,"TFUE consolidé, JO C 202 du 07/06/2016"
bases_tfue,53(1),procedure_legislative_ordinaire,base,"TFUE consolidé, JO C 202 du 07/06/2016"
bases_tfue,"56, al. 2",procedure_legislative_ordinaire,base,"TFUE consolidé, JO C 202 du 07/06/2016"
bases_tfue,59(1),procedure_legislative_ordinaire,base,"TFUE consolidé, JO C 202 du 07/06/2016"
bases_tfue,"62, al. 1",procedure_legislative_ordinaire,base,"TFUE consolidé, JO C 202 du 07/06/2016"
bases_tfue,64(2),procedure_legislative_ordinaire,base,"TFUE consolidé, JO C 202 du 07/06/2016"
bases_tfue,"75, al. 1",procedure_legislative_ordinaire,base,"TFUE consolidé, JO C 202 du 07/06/2016"
bases_tfue,77(2),procedure_legislative_ordinaire,base,"TFUE consolidé, JO C 202 du 07/06/2016"
bases_tfue,78(2),procedure_legislative_ordinaire,base,"TFUE consolidé, JO C 202 du 07/06/2016"
bases_tfue,79(2),procedure_legislative_ordinaire,base,"TFUE consolidé, JO C 202 du 07/06/2016"
bases_tfue,79(4),procedure_legislative_ordinaire,base,"TFUE consolidé, JO C 202 du 07/06/2016"
bases_tfue,81(2),procedure_legislative_ordinaire,base,"TFUE consolidé, JO C 202 du 07/06/2016"
bases_tfue,82(1),procedure_legislative_ordinaire,base,"TFUE consolidé, JO C 202 du 07/06/2016"
bases_tfue,82(2),procedure_legislative_ordinaire,base,"TFUE consolidé, JO C 202 du 07/06/2016"
bases_tfue,83(1),procedure_legislative_ordinaire,base,"TFUE consolidé, JO C 202 du 07/06/2016"
bases_tfue,"84, al. 1",procedure_legislative_ordinaire,base,"TFUE consolidé, JO C 202 du 07/06/2016"
bases_tfue,85(1),procedure_legislative_ordinaire,base,"TFUE consolidé, JO C 202 du 07/06/2016"
bases_tfue,87(2),procedure_legislative_ordinaire,base,"TFUE consolidé, JO C 202 du 07/06/2016"
bases_tfue,88(2),procedure_legislative_ordinaire,base,"TFUE consolidé, JO C 202 du 07/06/2016"
bases_tfue,91(1),procedure_legislative_ordinaire,base,"TFUE consolidé, JO C 202 du 07/06/2016"
bases_tfue,136(1),procedure_legislative_ordinaire,conditionnelle,TFUE
bases_tfue,83(2),procedure_legislative_ordinaire,conditionnelle,TFUE
bases_tfue,108(2),unanimite_au_conseil,base,TFUE
bases_tfue,"113, al. 1",unanimite_au_conseil,base,TFUE
bases_tfue,"115, al. 1",unanimite_au_conseil,base,TFUE
bases_tfue,"118, al. 2",unanimite_au_conseil,base,TFUE
bases_tfue,126(14),unanimite_au_conseil,base,TFUE
bases_tfue,127(6),unanimite_au_conseil,base,TFUE
bases_tfue,140(3),unanimite_au_conseil,base,TFUE
bases_tfue,153(2),unanimite_au_conseil,base,TFUE
bases_tfue,155(2),unanimite_au_conseil,base,TFUE
bases_tfue,19(1),unanimite_au_conseil,base,TFUE
bases_tfue,192(2),unanimite_au_conseil,base,TFUE
bases_tfue,194(3),unanimite_au_conseil,base,TFUE
bases_tfue,"203, al. 1",unanimite_au_conseil,base,TFUE
bases_tfue,207(4),unanimite_au_conseil,base,TFUE
bases_tfue,21(3),unanimite_au_conseil,base,TFUE
bases_tfue,218(8),unanimite_au_conseil,base,TFUE
bases_tfue,219(1),unanimite_au_conseil,base,TFUE
bases_tfue,22(1),unanimite_au_conseil,base,TFUE
bases_tfue,22(2),unanimite_au_conseil,base,TFUE
bases_tfue,223(1),unanimite_au_conseil,base,TFUE
bases_tfue,223(2),unanimite_au_conseil,base,TFUE
bases_tfue,"246, al. 3",unanimite_au_conseil,base,TFUE
bases_tfue,"25, al. 2",unanimite_au_conseil,base,TFUE
bases_tfue,"252, al. 1",unanimite_au_conseil,base,TFUE
bases_tfue,"257, al. 4",unanimite_au_conseil,base,TFUE
bases_tfue,"262, al. 1",unanimite_au_conseil,base,TFUE
bases_tfue,293(1),unanimite_au_conseil,base,TFUE
bases_tfue,294(9),unanimite_au_conseil,base,TFUE
bases_tfue,"301, al. 2",unanimite_au_conseil,base,TFUE
bases_tfue,"305, al. 2",unanimite_au_conseil,base,TFUE
bases_tfue,"308, al. 3",unanimite_au_conseil,base,TFUE
bases_tfue,"311, al. 3",unanimite_au_conseil,base,TFUE
bases_tfue,312(2),unanimite_au_conseil,base,TFUE
bases_tfue,329(2),unanimite_au_conseil,base,TFUE
bases_tfue,331(2),unanimite_au_conseil,base,TFUE
bases_tfue,"332, al. 1",unanimite_au_conseil,base,TFUE
bases_tfue,333(1),unanimite_au_conseil,base,TFUE
bases_tfue,333(2),unanimite_au_conseil,base,TFUE
bases_tfue,"342, al. 1",unanimite_au_conseil,base,TFUE
bases_tfue,346(2),unanimite_au_conseil,base,TFUE
bases_tfue,352(1),unanimite_au_conseil,base,TFUE
bases_tfue,64(3),unanimite_au_conseil,base,TFUE
bases_tfue,65(4),unanimite_au_conseil,base,TFUE
bases_tfue,77(3),unanimite_au_conseil,base,TFUE
bases_tfue,81(3),unanimite_au_conseil,base,TFUE
bases_tfue,82(2),unanimite_au_conseil,base,TFUE
bases_tfue,83(1),unanimite_au_conseil,base,TFUE
bases_tfue,86(1),unanimite_au_conseil,base,TFUE
bases_tfue,87(3),unanimite_au_conseil,base,TFUE
bases_tfue,"89, al. 1",unanimite_au_conseil,base,TFUE
bases_tfue,"92, al. 1",unanimite_au_conseil,base,TFUE
transposition_2025-11-30,deficit_transposition,France,1.1,"Commission, tableau d'affichage du marché unique"
transposition_2025-11-30,deficit_transposition,moyenne_UE,1.1,"Commission, tableau d'affichage du marché unique"
transposition_2025-11-30,directives_en_retard,France,11,"Commission, tableau d'affichage du marché unique"
transposition_2025-11-30,directives_en_retard,moyenne_UE,11,"Commission, tableau d'affichage du marché unique"
transposition_2025-11-30,en_retard_2_ans,France,1,"Commission, tableau d'affichage du marché unique"
transposition_2025-11-30,en_retard_2_ans,moyenne_UE,1,"Commission, tableau d'affichage du marché unique"
transposition_2025-11-30,retard_moyen_mois,France,10.2,"Commission, tableau d'affichage du marché unique"
transposition_2025-11-30,retard_moyen_mois,moyenne_UE,9.7,"Commission, tableau d'affichage du marché unique"
transposition_2025-11-30,deficit_conformite,France,1.5,"Commission, tableau d'affichage du marché unique"
transposition_2025-11-30,deficit_conformite,moyenne_UE,1.1,"Commission, tableau d'affichage du marché unique"
transposition_2025-11-30,duree_infractions_mois,France,17.9,"Commission, tableau d'affichage du marché unique"
transposition_2025-11-30,duree_infractions_mois,moyenne_UE,15.2,"Commission, tableau d'affichage du marché unique"
