tableau,groupe,variable,valeur,unite,millesime,source
redistribution_par_dixieme,D1,prelevements,-6400,euros par UC,2023,"Insee Analyses n° 118, 16/04/2026, figures 1c, 1e, 2a et 2b"
redistribution_par_dixieme,D2,prelevements,-8800,euros par UC,2023,"Insee Analyses n° 118, 16/04/2026, figures 1c, 1e, 2a et 2b"
redistribution_par_dixieme,D3,prelevements,-11900,euros par UC,2023,"Insee Analyses n° 118, 16/04/2026, figures 1c, 1e, 2a et 2b"
redistribution_par_dixieme,D4,prelevements,-15100,euros par UC,2023,"Insee Analyses n° 118, 16/04/2026, figures 1c, 1e, 2a et 2b"
redistribution_par_dixieme,D5,prelevements,-18200,euros par UC,2023,"Insee Analyses n° 118, 16/04/2026, figures 1c, 1e, 2a et 2b"
redistribution_par_dixieme,D6,prelevements,-21500,euros par UC,2023,"Insee Analyses n° 118, 16/04/2026, figures 1c, 1e, 2a et 2b"
redistribution_par_dixieme,D7,prelevements,-25700,euros par UC,2023,"Insee Analyses n° 118, 16/04/2026, figures 1c, 1e, 2a et 2b"
redistribution_par_dixieme,D8,prelevements,-31700,euros par UC,2023,"Insee Analyses n° 118, 16/04/2026, figures 1c, 1e, 2a et 2b"
redistribution_par_dixieme,D9,prelevements,-41100,euros par UC,2023,"Insee Analyses n° 118, 16/04/2026, figures 1c, 1e, 2a et 2b"
redistribution_par_dixieme,D10,prelevements,-89800,euros par UC,2023,"Insee Analyses n° 118, 16/04/2026, figures 1c, 1e, 2a et 2b"
redistribution_par_dixieme,Ensemble,prelevements,-27000,euros par UC,2023,"Insee Analyses n° 118, 16/04/2026, figures 1c, 1e, 2a et 2b"
redistribution_par_dixieme,D1,prestations_especes,8000,euros par UC,2023,"Insee Analyses n° 118, 16/04/2026, figures 1c, 1e, 2a et 2b"
redistribution_par_dixieme,D2,prestations_especes,10600,euros par UC,2023,"Insee Analyses n° 118, 16/04/2026, figures 1c, 1e, 2a et 2b"
redistribution_par_dixieme,D3,prestations_especes,11700,euros par UC,2023,"Insee Analyses n° 118, 16/04/2026, figures 1c, 1e, 2a et 2b"
redistribution_par_dixieme,D4,prestations_especes,11500,euros par UC,2023,"Insee Analyses n° 118, 16/04/2026, figures 1c, 1e, 2a et 2b"
redistribution_par_dixieme,D5,prestations_especes,12000,euros par UC,2023,"Insee Analyses n° 118, 16/04/2026, figures 1c, 1e, 2a et 2b"
redistribution_par_dixieme,D6,prestations_especes,12600,euros par UC,2023,"Insee Analyses n° 118, 16/04/2026, figures 1c, 1e, 2a et 2b"
redistribution_par_dixieme,D7,prestations_especes,12800,euros par UC,2023,"Insee Analyses n° 118, 16/04/2026, figures 1c, 1e, 2a et 2b"
redistribution_par_dixieme,D8,prestations_especes,13400,euros par UC,2023,"Insee Analyses n° 118, 16/04/2026, figures 1c, 1e, 2a et 2b"
redistribution_par_dixieme,D9,prestations_especes,14600,euros par UC,2023,"Insee Analyses n° 118, 16/04/2026, figures 1c, 1e, 2a et 2b"
redistribution_par_dixieme,D10,prestations_especes,18500,euros par UC,2023,"Insee Analyses n° 118, 16/04/2026, figures 1c, 1e, 2a et 2b"
redistribution_par_dixieme,Ensemble,prestations_especes,12600,euros par UC,2023,"Insee Analyses n° 118, 16/04/2026, figures 1c, 1e, 2a et 2b"
redistribution_par_dixieme,D1,transferts_non_monetaires,19100,euros par UC,2023,"Insee Analyses n° 118, 16/04/2026, figures 1c, 1e, 2a et 2b"
redistribution_par_dixieme,D2,transferts_non_monetaires,20500,euros par UC,2023,"Insee Analyses n° 118, 16/04/2026, figures 1c, 1e, 2a et 2b"
redistribution_par_dixieme,D3,transferts_non_monetaires,17400,euros par UC,2023,"Insee Analyses n° 118, 16/04/2026, figures 1c, 1e, 2a et 2b"
redistribution_par_dixieme,D4,transferts_non_monetaires,17200,euros par UC,2023,"Insee Analyses n° 118, 16/04/2026, figures 1c, 1e, 2a et 2b"
redistribution_par_dixieme,D5,transferts_non_monetaires,15000,euros par UC,2023,"Insee Analyses n° 118, 16/04/2026, figures 1c, 1e, 2a et 2b"
redistribution_par_dixieme,D6,transferts_non_monetaires,15000,euros par UC,2023,"Insee Analyses n° 118, 16/04/2026, figures 1c, 1e, 2a et 2b"
redistribution_par_dixieme,D7,transferts_non_monetaires,14700,euros par UC,2023,"Insee Analyses n° 118, 16/04/2026, figures 1c, 1e, 2a et 2b"
redistribution_par_dixieme,D8,transferts_non_monetaires,13000,euros par UC,2023,"Insee Analyses n° 118, 16/04/2026, figures 1c, 1e, 2a et 2b"
redistribution_par_dixieme,D9,transferts_non_monetaires,13600,euros par UC,2023,"Insee Analyses n° 118, 16/04/2026, figures 1c, 1e, 2a et 2b"
redistribution_par_dixieme,D10,transferts_non_monetaires,12900,euros par UC,2023,"Insee Analyses n° 118, 16/04/2026, figures 1c, 1e, 2a et 2b"
redistribution_par_dixieme,Ensemble,transferts_non_monetaires,15800,euros par UC,2023,"Insee Analyses n° 118, 16/04/2026, figures 1c, 1e, 2a et 2b"
redistribution_par_dixieme,D1,transferts_nets,-20800,euros par UC,2023,"Insee Analyses n° 118, 16/04/2026, figures 1c, 1e, 2a et 2b"
redistribution_par_dixieme,D2,transferts_nets,-22300,euros par UC,2023,"Insee Analyses n° 118, 16/04/2026, figures 1c, 1e, 2a et 2b"
redistribution_par_dixieme,D3,transferts_nets,-17200,euros par UC,2023,"Insee Analyses n° 118, 16/04/2026, figures 1c, 1e, 2a et 2b"
redistribution_par_dixieme,D4,transferts_nets,-13700,euros par UC,2023,"Insee Analyses n° 118, 16/04/2026, figures 1c, 1e, 2a et 2b"
redistribution_par_dixieme,D5,transferts_nets,-8800,euros par UC,2023,"Insee Analyses n° 118, 16/04/2026, figures 1c, 1e, 2a et 2b"
redistribution_par_dixieme,D6,transferts_nets,-6100,euros par UC,2023,"Insee Analyses n° 118, 16/04/2026, figures 1c, 1e, 2a et 2b"
redistribution_par_dixieme,D7,transferts_nets,-1800,euros par UC,2023,"Insee Analyses n° 118, 16/04/2026, figures 1c, 1e, 2a et 2b"
redistribution_par_dixieme,D8,transferts_nets,5300,euros par UC,2023,"Insee Analyses n° 118, 16/04/2026, figures 1c, 1e, 2a et 2b"
redistribution_par_dixieme,D9,transferts_nets,12900,euros par UC,2023,"Insee Analyses n° 118, 16/04/2026, figures 1c, 1e, 2a et 2b"
redistribution_par_dixieme,D10,transferts_nets,58400,euros par UC,2023,"Insee Analyses n° 118, 16/04/2026, figures 1c, 1e, 2a et 2b"
redistribution_par_dixieme,Ensemble,transferts_nets,-1400,euros par UC,2023,"Insee Analyses n° 118, 16/04/2026, figures 1c, 1e, 2a et 2b"
redistribution_par_dixieme,D1,part_beneficiaires_nets,98.62,% des personnes,2023,"Insee Analyses n° 118, 16/04/2026, figures 1c, 1e, 2a et 2b"
redistribution_par_dixieme,D2,part_beneficiaires_nets,96.61,% des personnes,2023,"Insee Analyses n° 118, 16/04/2026, figures 1c, 1e, 2a et 2b"
redistribution_par_dixieme,D3,part_beneficiaires_nets,86.6,% des personnes,2023,"Insee Analyses n° 118, 16/04/2026, figures 1c, 1e, 2a et 2b"
redistribution_par_dixieme,D4,part_beneficiaires_nets,73.43,% des personnes,2023,"Insee Analyses n° 118, 16/04/2026, figures 1c, 1e, 2a et 2b"
redistribution_par_dixieme,D5,part_beneficiaires_nets,53.44,% des personnes,2023,"Insee Analyses n° 118, 16/04/2026, figures 1c, 1e, 2a et 2b"
redistribution_par_dixieme,D6,part_beneficiaires_nets,44.82,% des personnes,2023,"Insee Analyses n° 118, 16/04/2026, figures 1c, 1e, 2a et 2b"
redistribution_par_dixieme,D7,part_beneficiaires_nets,35.77,% des personnes,2023,"Insee Analyses n° 118, 16/04/2026, figures 1c, 1e, 2a et 2b"
redistribution_par_dixieme,D8,part_beneficiaires_nets,28.83,% des personnes,2023,"Insee Analyses n° 118, 16/04/2026, figures 1c, 1e, 2a et 2b"
redistribution_par_dixieme,D9,part_beneficiaires_nets,24.88,% des personnes,2023,"Insee Analyses n° 118, 16/04/2026, figures 1c, 1e, 2a et 2b"
redistribution_par_dixieme,D10,part_beneficiaires_nets,18.24,% des personnes,2023,"Insee Analyses n° 118, 16/04/2026, figures 1c, 1e, 2a et 2b"
redistribution_par_dixieme,Ensemble,part_beneficiaires_nets,56.12,% des personnes,2023,"Insee Analyses n° 118, 16/04/2026, figures 1c, 1e, 2a et 2b"
redistribution_par_age,18-29 ans,prelevements,-23200,euros par UC,2023,"Insee Analyses n° 118, 16/04/2026, figures 1c, 1e, 2a et 2b"
redistribution_par_age,30-39 ans,prelevements,-30600,euros par UC,2023,"Insee Analyses n° 118, 16/04/2026, figures 1c, 1e, 2a et 2b"
redistribution_par_age,40-49 ans,prelevements,-31500,euros par UC,2023,"Insee Analyses n° 118, 16/04/2026, figures 1c, 1e, 2a et 2b"
redistribution_par_age,50-64 ans,prelevements,-33800,euros par UC,2023,"Insee Analyses n° 118, 16/04/2026, figures 1c, 1e, 2a et 2b"
redistribution_par_age,65 ans ou plus,prelevements,-14600,euros par UC,2023,"Insee Analyses n° 118, 16/04/2026, figures 1c, 1e, 2a et 2b"
redistribution_par_age,18-29 ans,prestations_especes,4200,euros par UC,2023,"Insee Analyses n° 118, 16/04/2026, figures 1c, 1e, 2a et 2b"
redistribution_par_age,30-39 ans,prestations_especes,5400,euros par UC,2023,"Insee Analyses n° 118, 16/04/2026, figures 1c, 1e, 2a et 2b"
redistribution_par_age,40-49 ans,prestations_especes,5600,euros par UC,2023,"Insee Analyses n° 118, 16/04/2026, figures 1c, 1e, 2a et 2b"
redistribution_par_age,50-64 ans,prestations_especes,10600,euros par UC,2023,"Insee Analyses n° 118, 16/04/2026, figures 1c, 1e, 2a et 2b"
redistribution_par_age,65 ans ou plus,prestations_especes,28700,euros par UC,2023,"Insee Analyses n° 118, 16/04/2026, figures 1c, 1e, 2a et 2b"
redistribution_par_age,18-29 ans,transferts_non_monetaires,14000,euros par UC,2023,"Insee Analyses n° 118, 16/04/2026, figures 1c, 1e, 2a et 2b"
redistribution_par_age,30-39 ans,transferts_non_monetaires,15400,euros par UC,2023,"Insee Analyses n° 118, 16/04/2026, figures 1c, 1e, 2a et 2b"
redistribution_par_age,40-49 ans,transferts_non_monetaires,16000,euros par UC,2023,"Insee Analyses n° 118, 16/04/2026, figures 1c, 1e, 2a et 2b"
redistribution_par_age,50-64 ans,transferts_non_monetaires,13600,euros par UC,2023,"Insee Analyses n° 118, 16/04/2026, figures 1c, 1e, 2a et 2b"
redistribution_par_age,65 ans ou plus,transferts_non_monetaires,19100,euros par UC,2023,"Insee Analyses n° 118, 16/04/2026, figures 1c, 1e, 2a et 2b"
exposition_effort_10_mdeur,D1,decision_fiscal,,% du revenu disponible net du dixième,2023,"Insee, comptes nationaux distribués, tableau CND.101 (vingtièmes de niveau de vie, 2020-2023, base 2020)"
exposition_effort_10_mdeur,D2,decision_fiscal,0.178,% du revenu disponible net du dixième,2023,"Insee, comptes nationaux distribués, tableau CND.101 (vingtièmes de niveau de vie, 2020-2023, base 2020)"
exposition_effort_10_mdeur,D3,decision_fiscal,0.24,% du revenu disponible net du dixième,2023,"Insee, comptes nationaux distribués, tableau CND.101 (vingtièmes de niveau de vie, 2020-2023, base 2020)"
exposition_effort_10_mdeur,D4,decision_fiscal,0.303,% du revenu disponible net du dixième,2023,"Insee, comptes nationaux distribués, tableau CND.101 (vingtièmes de niveau de vie, 2020-2023, base 2020)"
exposition_effort_10_mdeur,D5,decision_fiscal,0.35,% du revenu disponible net du dixième,2023,"Insee, comptes nationaux distribués, tableau CND.101 (vingtièmes de niveau de vie, 2020-2023, base 2020)"
exposition_effort_10_mdeur,D6,decision_fiscal,0.406,% du revenu disponible net du dixième,2023,"Insee, comptes nationaux distribués, tableau CND.101 (vingtièmes de niveau de vie, 2020-2023, base 2020)"
exposition_effort_10_mdeur,D7,decision_fiscal,0.463,% du revenu disponible net du dixième,2023,"Insee, comptes nationaux distribués, tableau CND.101 (vingtièmes de niveau de vie, 2020-2023, base 2020)"
exposition_effort_10_mdeur,D8,decision_fiscal,0.546,% du revenu disponible net du dixième,2023,"Insee, comptes nationaux distribués, tableau CND.101 (vingtièmes de niveau de vie, 2020-2023, base 2020)"
exposition_effort_10_mdeur,D9,decision_fiscal,0.675,% du revenu disponible net du dixième,2023,"Insee, comptes nationaux distribués, tableau CND.101 (vingtièmes de niveau de vie, 2020-2023, base 2020)"
exposition_effort_10_mdeur,D10,decision_fiscal,1.143,% du revenu disponible net du dixième,2023,"Insee, comptes nationaux distribués, tableau CND.101 (vingtièmes de niveau de vie, 2020-2023, base 2020)"
exposition_effort_10_mdeur,D1,decision_pensions,0.502,% du revenu disponible net du dixième,2023,"Insee, comptes nationaux distribués, tableau CND.101 (vingtièmes de niveau de vie, 2020-2023, base 2020)"
exposition_effort_10_mdeur,D2,decision_pensions,0.657,% du revenu disponible net du dixième,2023,"Insee, comptes nationaux distribués, tableau CND.101 (vingtièmes de niveau de vie, 2020-2023, base 2020)"
exposition_effort_10_mdeur,D3,decision_pensions,0.781,% du revenu disponible net du dixième,2023,"Insee, comptes nationaux distribués, tableau CND.101 (vingtièmes de niveau de vie, 2020-2023, base 2020)"
exposition_effort_10_mdeur,D4,decision_pensions,0.718,% du revenu disponible net du dixième,2023,"Insee, comptes nationaux distribués, tableau CND.101 (vingtièmes de niveau de vie, 2020-2023, base 2020)"
exposition_effort_10_mdeur,D5,decision_pensions,0.699,% du revenu disponible net du dixième,2023,"Insee, comptes nationaux distribués, tableau CND.101 (vingtièmes de niveau de vie, 2020-2023, base 2020)"
exposition_effort_10_mdeur,D6,decision_pensions,0.705,% du revenu disponible net du dixième,2023,"Insee, comptes nationaux distribués, tableau CND.101 (vingtièmes de niveau de vie, 2020-2023, base 2020)"
exposition_effort_10_mdeur,D7,decision_pensions,0.647,% du revenu disponible net du dixième,2023,"Insee, comptes nationaux distribués, tableau CND.101 (vingtièmes de niveau de vie, 2020-2023, base 2020)"
exposition_effort_10_mdeur,D8,decision_pensions,0.608,% du revenu disponible net du dixième,2023,"Insee, comptes nationaux distribués, tableau CND.101 (vingtièmes de niveau de vie, 2020-2023, base 2020)"
exposition_effort_10_mdeur,D9,decision_pensions,0.568,% du revenu disponible net du dixième,2023,"Insee, comptes nationaux distribués, tableau CND.101 (vingtièmes de niveau de vie, 2020-2023, base 2020)"
exposition_effort_10_mdeur,D10,decision_pensions,0.429,% du revenu disponible net du dixième,2023,"Insee, comptes nationaux distribués, tableau CND.101 (vingtièmes de niveau de vie, 2020-2023, base 2020)"
exposition_effort_10_mdeur,D1,decision_enseignement,2.749,% du revenu disponible net du dixième,2023,"Insee, comptes nationaux distribués, tableau CND.101 (vingtièmes de niveau de vie, 2020-2023, base 2020)"
exposition_effort_10_mdeur,D2,decision_enseignement,1.367,% du revenu disponible net du dixième,2023,"Insee, comptes nationaux distribués, tableau CND.101 (vingtièmes de niveau de vie, 2020-2023, base 2020)"
exposition_effort_10_mdeur,D3,decision_enseignement,1.056,% du revenu disponible net du dixième,2023,"Insee, comptes nationaux distribués, tableau CND.101 (vingtièmes de niveau de vie, 2020-2023, base 2020)"
exposition_effort_10_mdeur,D4,decision_enseignement,0.792,% du revenu disponible net du dixième,2023,"Insee, comptes nationaux distribués, tableau CND.101 (vingtièmes de niveau de vie, 2020-2023, base 2020)"
exposition_effort_10_mdeur,D5,decision_enseignement,0.684,% du revenu disponible net du dixième,2023,"Insee, comptes nationaux distribués, tableau CND.101 (vingtièmes de niveau de vie, 2020-2023, base 2020)"
exposition_effort_10_mdeur,D6,decision_enseignement,0.577,% du revenu disponible net du dixième,2023,"Insee, comptes nationaux distribués, tableau CND.101 (vingtièmes de niveau de vie, 2020-2023, base 2020)"
exposition_effort_10_mdeur,D7,decision_enseignement,0.49,% du revenu disponible net du dixième,2023,"Insee, comptes nationaux distribués, tableau CND.101 (vingtièmes de niveau de vie, 2020-2023, base 2020)"
exposition_effort_10_mdeur,D8,decision_enseignement,0.431,% du revenu disponible net du dixième,2023,"Insee, comptes nationaux distribués, tableau CND.101 (vingtièmes de niveau de vie, 2020-2023, base 2020)"
exposition_effort_10_mdeur,D9,decision_enseignement,0.351,% du revenu disponible net du dixième,2023,"Insee, comptes nationaux distribués, tableau CND.101 (vingtièmes de niveau de vie, 2020-2023, base 2020)"
exposition_effort_10_mdeur,D10,decision_enseignement,0.208,% du revenu disponible net du dixième,2023,"Insee, comptes nationaux distribués, tableau CND.101 (vingtièmes de niveau de vie, 2020-2023, base 2020)"
exposition_effort_10_mdeur,D1,rapport_decision_la_plus_lourde_la_plus_legere,5.48,rapport,2023,"Insee, comptes nationaux distribués, tableau CND.101 (vingtièmes de niveau de vie, 2020-2023, base 2020)"
exposition_effort_10_mdeur,D2,rapport_decision_la_plus_lourde_la_plus_legere,7.7,rapport,2023,"Insee, comptes nationaux distribués, tableau CND.101 (vingtièmes de niveau de vie, 2020-2023, base 2020)"
exposition_effort_10_mdeur,D3,rapport_decision_la_plus_lourde_la_plus_legere,4.4,rapport,2023,"Insee, comptes nationaux distribués, tableau CND.101 (vingtièmes de niveau de vie, 2020-2023, base 2020)"
exposition_effort_10_mdeur,D4,rapport_decision_la_plus_lourde_la_plus_legere,2.61,rapport,2023,"Insee, comptes nationaux distribués, tableau CND.101 (vingtièmes de niveau de vie, 2020-2023, base 2020)"
exposition_effort_10_mdeur,D5,rapport_decision_la_plus_lourde_la_plus_legere,1.99,rapport,2023,"Insee, comptes nationaux distribués, tableau CND.101 (vingtièmes de niveau de vie, 2020-2023, base 2020)"
exposition_effort_10_mdeur,D6,rapport_decision_la_plus_lourde_la_plus_legere,1.74,rapport,2023,"Insee, comptes nationaux distribués, tableau CND.101 (vingtièmes de niveau de vie, 2020-2023, base 2020)"
exposition_effort_10_mdeur,D7,rapport_decision_la_plus_lourde_la_plus_legere,1.4,rapport,2023,"Insee, comptes nationaux distribués, tableau CND.101 (vingtièmes de niveau de vie, 2020-2023, base 2020)"
exposition_effort_10_mdeur,D8,rapport_decision_la_plus_lourde_la_plus_legere,1.41,rapport,2023,"Insee, comptes nationaux distribués, tableau CND.101 (vingtièmes de niveau de vie, 2020-2023, base 2020)"
exposition_effort_10_mdeur,D9,rapport_decision_la_plus_lourde_la_plus_legere,1.92,rapport,2023,"Insee, comptes nationaux distribués, tableau CND.101 (vingtièmes de niveau de vie, 2020-2023, base 2020)"
exposition_effort_10_mdeur,D10,rapport_decision_la_plus_lourde_la_plus_legere,5.5,rapport,2023,"Insee, comptes nationaux distribués, tableau CND.101 (vingtièmes de niveau de vie, 2020-2023, base 2020)"
dette_par_administration,État,encours,2823,"milliards d'euros, valeur nominale",fin 2025,INSEE
dette_par_administration,Sécurité sociale,encours,293,"milliards d'euros, valeur nominale",fin 2025,INSEE
dette_par_administration,Collectivités,encours,276,"milliards d'euros, valeur nominale",fin 2025,INSEE
dette_par_administration,Autres,encours,69,"milliards d'euros, valeur nominale",fin 2025,INSEE
detenteurs_titres_etat,Non-résidents,part,57.5,"% des titres négociables de l'État, valeur de marché",1er trimestre 2026,Banque de France via l'Agence France Trésor
detenteurs_titres_etat,Autres (français),part,20.6,"% des titres négociables de l'État, valeur de marché",1er trimestre 2026,Banque de France via l'Agence France Trésor
detenteurs_titres_etat,Établissements de crédit français,part,10.5,"% des titres négociables de l'État, valeur de marché",1er trimestre 2026,Banque de France via l'Agence France Trésor
detenteurs_titres_etat,Assureurs français,part,9.6,"% des titres négociables de l'État, valeur de marché",1er trimestre 2026,Banque de France via l'Agence France Trésor
detenteurs_titres_etat,OPCVM français,part,1.8,"% des titres négociables de l'État, valeur de marché",1er trimestre 2026,Banque de France via l'Agence France Trésor
