fichier,page,debut,fin,legislature,engagements_493,dates_listees,motions_493,lecture,motions_493_adoptees
ban_14e_2011_2012.pdf,35,2012-06-20,2012-09-30,14,0,,0,texte extrait (rubrique 6),0
ban_14e_2012_2013.pdf,36,2012-10-01,2013-09-30,14,0,,0,texte extrait (rubrique 6),0
ban_14e_2013_2014.pdf,36,2013-10-01,2014-09-30,14,0,,0,texte extrait (rubrique 6),0
ban_14e_2014_2015.pdf,56+115,2014-10-01,2015-09-30,14,3,2015-02-17|2015-06-16|2015-07-09,2,texte extrait (rubrique 6.1 et annexe XIX),0
ban_14e_2015_2016.pdf,55+120,2015-10-01,2016-09-30,14,3,2016-05-10|2016-07-05|2016-07-20,1,texte extrait (rubrique 6.1 et annexe XVIII),0
ban_14e_2016_2017.pdf,55,2016-10-01,2017-06-20,14,0,,0,texte extrait (rubrique 6.1),0
ban_15e_2016_2017.pdf,46,2017-06-21,2017-09-30,15,0,,0,texte extrait (rubrique 6.1),0
ban_15e_2017_2018.pdf,57,2017-10-01,2018-09-30,15,0,,0,texte extrait (« aucun engagement de responsabilité »),0
ban_15e_2018_2019.pdf,56,2018-10-01,2019-09-30,15,0,,0,texte extrait (rubrique 6.1),0
ban_15e_2019_2020.pdf,60+125,2019-10-01,2020-09-30,15,1,non listée (annexe XIX : deux motions déposées le 29.02.2020),2,image de la page lue,0
ban_15e_2020_2021.pdf,55,2020-10-01,2021-09-30,15,0,,0,texte extrait (rubrique 6.1),0
BAN-2021-2022.pdf,56,2021-10-01,2022-06-21,15,0,,0,texte extrait (rubrique 6.1),0
BAN_2021-2022_16e.pdf,51,2022-06-22,2022-09-30,16,0,,0,texte extrait (rubrique 6.1),0
AN_BAN_2022_2023.pdf,55+125+126,2022-10-01,2023-09-30,16,12,2022-10-19|2022-10-20|2022-10-26|2022-11-02|2022-11-21|2022-11-25|2022-11-29|2022-12-08|2022-12-11|2022-12-15|2023-03-16|2023-09-27,15,image des pages lue,0
Ban-2023-2024.pdf,55+121+122,2023-10-01,2024-06-09,16,11,2023-10-18|2023-10-25|2023-10-30|2023-11-07|2023-11-13|2023-11-23|2023-11-26|2023-12-01|2023-12-14|2023-12-16|2023-12-19,13,image des pages lue,0
an_download_1121279.pdf,130,2024-10-01,2025-09-30,17,5,2024-12-02|2025-02-03|2025-02-03|2025-02-05|2025-02-10,6,image de la page lue (XVII en cours),1
AN_fiche64_responsabilite_gouvernement.pdf,fiche 64,2012-06-20,2024-06-09,14-16,6|1|23,,,"texte extrait (« six reprises […] sous la XIVe législature, à une reprise sous la XVe législature, et à 23 reprises sous la XVIe législature »)",
