legislature,en_cours,date,dossier_texte,etape,declaration,dossier_engagement,motions_statut,nb_motions,issue_vote,motions_adoptees,titre
14,non,2015-02-17,DLR5L14N33632,première lecture,DECLANR5L14B2498,DLR5L14N33785,vote,1,Motion rejeté(e),0,"Economie : croissance, activité et égalité des chances économiques"
14,non,2015-06-16,DLR5L14N33632,nouvelle lecture,DECLANR5L14B2866,DLR5L14N34049,vote,1,Motion rejeté(e),0,"Economie : croissance, activité et égalité des chances économiques"
14,non,2015-07-09,DLR5L14N33632,lecture définitive,DECLANR5L14B2934,DLR5L14N34117,absence de motion,0,,0,"Economie : croissance, activité et égalité des chances économiques"
14,non,2016-05-10,DLR5L14N34783,première lecture,DECLANR5L14B3675,DLR5L14N34896,vote,1,Motion rejeté(e),0,Travail : modernisation du droit du travail
14,non,2016-07-05,DLR5L14N34783,nouvelle lecture,DECLANR5L14B3909,DLR5L14N35050,absence de motion,0,,0,Travail : modernisation du droit du travail
14,non,2016-07-20,DLR5L14N34783,lecture définitive,DECLANR5L14B3976,DLR5L14N35107,absence de motion,0,,0,Travail : modernisation du droit du travail
15,non,2020-02-29,DLR5L15N38565,première lecture,DECLANR5L15B2623,DLR5L15N38970,vote,2,Motion rejetée,0,Système universel de retraite
16,non,2022-10-19,DLR5L16N45988,première lecture,DECLANR5L16B0273-N0,DLR5L16N46497,vote,2,Motion rejetée,0,Projet de loi de finances pour 2023
16,non,2022-10-20,DLR5L16N46347,première lecture,DECLANR5L16B0274-N0,DLR5L16N46503,vote,1,Motion rejetée,0,Financement de la sécurité sociale pour 2023
16,non,2022-10-26,DLR5L16N46347,première lecture,DECLANR5L16B0274-N1,DLR5L16N46540,vote,2,Motion rejetée,0,Financement de la sécurité sociale pour 2023
16,non,2022-11-02,DLR5L16N45988,première lecture,DECLANR5L16B0273-N1,DLR5L16N46618,vote,1,Motion rejetée,0,Projet de loi de finances pour 2023
16,non,2022-11-21,DLR5L16N46347,nouvelle lecture,DECLANR5L16B0480-N0,DLR5L16N46728,vote,1,Motion rejetée,0,Financement de la sécurité sociale pour 2023
16,non,2022-11-25,DLR5L16N46347,nouvelle lecture,DECLANR5L16B0480-N1,DLR5L16N46762,vote,1,Motion rejetée,0,Financement de la sécurité sociale pour 2023
16,non,2022-11-30,DLR5L16N46347,lecture définitive,DECLANR5L16B0587-N0,DLR5L16N46809,vote,1,Motion rejetée,0,Financement de la sécurité sociale pour 2023
16,non,2022-12-08,DLR5L16N45988,nouvelle lecture,DECLANR5L16B0598-N0,DLR5L16N46832,vote,1,Motion rejetée,0,Projet de loi de finances pour 2023
16,non,2022-12-11,DLR5L16N45988,nouvelle lecture,DECLANR5L16B0598-N1,DLR5L16N46844,vote,1,Motion rejetée,0,Projet de loi de finances pour 2023
16,non,2022-12-15,DLR5L16N45988,lecture définitive,DECLANR5L16B0622-N0,DLR5L16N46896,vote,1,Motion rejetée,0,Projet de loi de finances pour 2023
16,non,2023-03-16,DLR5L16N47066,texte de la CMP,DECLANR5L16B0950,DLR5L16N47408,issue inconnue (motion sans acte de vote),2,,0,Projet de loi de financement rectificative de la sécurité sociale pour 2023
16,non,2023-09-27,DLR5L16N46346,nouvelle lecture,DECLANR5L16B1675-N0,DLR5L16N48685,vote,1,Motion rejetée,0,Programmation des finances publiques pour les années 2023 à 2027
16,non,2023-10-18,DLR5L16N48397,première lecture,DECLANR5L16B1680-N0,DLR5L16N48776,vote,2,Motion rejetée,0,Projet de loi de finances pour 2024
16,non,2023-10-25,DLR5L16N48683,première lecture,DECLANR5L16B1682-N0,DLR5L16N48815,vote,2,Motion rejetée,0,Projet de loi de financement de la sécurité sociale pour 2024
16,non,2023-10-30,DLR5L16N48683,première lecture,DECLANR5L16B1682-N1,DLR5L16N48837,vote,1,Motion rejetée,0,Projet de loi de financement de la sécurité sociale pour 2024
16,non,2023-11-07,DLR5L16N48397,première lecture,DECLANR5L16B1680-N1,DLR5L16N48867,vote,1,Motion rejetée,0,Projet de loi de finances pour 2024
16,non,2023-11-13,DLR5L16N46346,lecture définitive,DECLANR5L16B1746-N0,DLR5L16N48895,vote,1,Motion rejetée,0,Programmation des finances publiques pour les années 2023 à 2027
16,non,2023-11-23,DLR5L16N48683,nouvelle lecture,DECLANR5L16B1875-N0,DLR5L16N48974,issue inconnue (motion sans acte de vote),1,,0,Projet de loi de financement de la sécurité sociale pour 2024
16,non,2023-11-26,DLR5L16N48683,nouvelle lecture,DECLANR5L16B1875-N1,DLR5L16N48981,vote,1,Motion rejetée,0,Projet de loi de financement de la sécurité sociale pour 2024
16,non,2023-12-01,DLR5L16N48683,lecture définitive,DECLANR5L16B1940-N0,DLR5L16N49002,issue inconnue (motion sans acte de vote),1,,0,Projet de loi de financement de la sécurité sociale pour 2024
16,non,2023-12-14,DLR5L16N48397,nouvelle lecture,DECLANR5L16B1985-N0,DLR5L16N49104,vote,1,Motion rejetée,0,Projet de loi de finances pour 2024
16,non,2023-12-16,DLR5L16N48397,nouvelle lecture,DECLANR5L16B1985-N1,DLR5L16N49115,issue inconnue (motion sans acte de vote),1,,0,Projet de loi de finances pour 2024
16,non,2023-12-19,DLR5L16N48397,lecture définitive,DECLANR5L16B2009-N0,DLR5L16N49117,issue inconnue (motion sans acte de vote),1,,0,Projet de loi de finances pour 2024
17,oui,2024-12-02,DLR5L17N50588,texte de la CMP,DECLANR5L17B0638-N0,DLR5L17N50975,vote,2,Motion adoptée,1,Projet de loi de financement de la sécurité sociale pour 2025
17,oui,2025-02-03,DLR5L17N50198,texte de la CMP,DECLANR5L17B0873-N0,DLR5L17N51425,vote,1,Motion rejetée,0,Projet de loi de finances pour 2025
17,oui,2025-02-03,DLR5L17N50588,nouvelle lecture,DECLANR5L17B0622-N0,DLR5L17N51427,vote,1,Motion rejetée,0,Projet de loi de financement de la sécurité sociale pour 2025
17,oui,2025-02-05,DLR5L17N50588,nouvelle lecture,DECLANR5L17B0622-N1,DLR5L17N51462,vote,1,Motion rejetée,0,Projet de loi de financement de la sécurité sociale pour 2025
17,oui,2025-02-10,DLR5L17N50588,nouvelle lecture,DECLANR5L17B0622-N2,DLR5L17N51475,vote,1,Motion rejetée,0,Projet de loi de financement de la sécurité sociale pour 2025
17,oui,2026-01-20,DLR5L17N52428,nouvelle lecture,DECLANR5L17B2247-N0,DLR5L17N53597,vote,2,Motion rejetée,0,Projet de loi de finances pour 2026
17,oui,2026-01-23,DLR5L17N52428,nouvelle lecture,DECLANR5L17B2247-N1,DLR5L17N53619,vote,2,Motion rejetée,0,Projet de loi de finances pour 2026
17,oui,2026-01-30,DLR5L17N52428,lecture définitive,DECLANR5L17B2410-N0,DLR5L17N53689,vote,2,Motion rejetée,0,Projet de loi de finances pour 2026
