series_key;time_period;time_period_start;time_period_end;obs_value;updated_at;dataset_id;title_fr;title_long_fr;FREQ;REF_AREA;COUNT_AREA;ESA95_SECTOR;DATA_TYPE_BOP;ESA95TP_DENOM;ESA95_ACCOUNT;MUFA_VALUATION;UNIT;DECIMALS;UNIT_MULT;COLLECTION;TIME_FORMAT;SOURCE_AGENCY;OBS_CONF;OBS_STATUS
DET.Q.FR.1315.F33000.M.Z9.8.F;2025-Q4;2025-10-01;2025-12-31;56,0;2026-04-07T08:01:05+00:00;DET;Détention par les non-résidents de la Dette Négociable de l'Etat (en %);Pourcentage de l'encours global de la dette négociable de l'Etat détenue par les non-résidents;Q;FR;Z9;1315;8;F;F33000;M;PC;1;0;E;P3M;FR2;F;A
DET.Q.FR.1315.F33000.M.Z9.8.F;2025-Q3;2025-07-01;2025-09-30;55,1;2025-12-29T11:01:09+00:00;DET;Détention par les non-résidents de la Dette Négociable de l'Etat (en %);Pourcentage de l'encours global de la dette négociable de l'Etat détenue par les non-résidents;Q;FR;Z9;1315;8;F;F33000;M;PC;1;0;E;P3M;FR2;F;A
DET.Q.FR.1315.F33000.M.Z9.8.F;2025-Q2;2025-04-01;2025-06-30;55,4;2025-09-18T12:00:04+00:00;DET;Détention par les non-résidents de la Dette Négociable de l'Etat (en %);Pourcentage de l'encours global de la dette négociable de l'Etat détenue par les non-résidents;Q;FR;Z9;1315;8;F;F33000;M;PC;1;0;E;P3M;FR2;F;A
DET.Q.FR.1315.F33000.M.Z9.8.F;2025-Q1;2025-01-01;2025-03-31;54,7;2025-06-24T09:00:04+00:00;DET;Détention par les non-résidents de la Dette Négociable de l'Etat (en %);Pourcentage de l'encours global de la dette négociable de l'Etat détenue par les non-résidents;Q;FR;Z9;1315;8;F;F33000;M;PC;1;0;E;P3M;FR2;F;A
DET.Q.FR.1315.F33000.M.Z9.8.F;2024-Q4;2024-10-01;2024-12-31;54,6;2025-04-07T16:16:47+00:00;DET;Détention par les non-résidents de la Dette Négociable de l'Etat (en %);Pourcentage de l'encours global de la dette négociable de l'Etat détenue par les non-résidents;Q;FR;Z9;1315;8;F;F33000;M;PC;1;0;E;P3M;FR2;F;A
DET.Q.FR.1315.F33000.M.Z9.8.F;2024-Q3;2024-07-01;2024-09-30;54,5;2025-06-24T09:00:04+00:00;DET;Détention par les non-résidents de la Dette Négociable de l'Etat (en %);Pourcentage de l'encours global de la dette négociable de l'Etat détenue par les non-résidents;Q;FR;Z9;1315;8;F;F33000;M;PC;1;0;E;P3M;FR2;F;A
DET.Q.FR.1315.F33000.M.Z9.8.F;2024-Q2;2024-04-01;2024-06-30;54,7;2025-06-24T09:00:04+00:00;DET;Détention par les non-résidents de la Dette Négociable de l'Etat (en %);Pourcentage de l'encours global de la dette négociable de l'Etat détenue par les non-résidents;Q;FR;Z9;1315;8;F;F33000;M;PC;1;0;E;P3M;FR2;F;A
DET.Q.FR.1315.F33000.M.Z9.8.F;2024-Q1;2024-01-01;2024-03-31;54,1;2025-06-24T09:00:04+00:00;DET;Détention par les non-résidents de la Dette Négociable de l'Etat (en %);Pourcentage de l'encours global de la dette négociable de l'Etat détenue par les non-résidents;Q;FR;Z9;1315;8;F;F33000;M;PC;1;0;E;P3M;FR2;F;A
DET.Q.FR.1315.F33000.M.Z9.8.F;2023-Q4;2023-10-01;2023-12-31;53,3;2025-06-24T09:00:04+00:00;DET;Détention par les non-résidents de la Dette Négociable de l'Etat (en %);Pourcentage de l'encours global de la dette négociable de l'Etat détenue par les non-résidents;Q;FR;Z9;1315;8;F;F33000;M;PC;1;0;E;P3M;FR2;F;A
DET.Q.FR.1315.F33000.M.Z9.8.F;2023-Q3;2023-07-01;2023-09-30;52,8;2025-06-24T09:00:04+00:00;DET;Détention par les non-résidents de la Dette Négociable de l'Etat (en %);Pourcentage de l'encours global de la dette négociable de l'Etat détenue par les non-résidents;Q;FR;Z9;1315;8;F;F33000;M;PC;1;0;E;P3M;FR2;F;A
DET.Q.FR.1315.F33000.M.Z9.8.F;2023-Q2;2023-04-01;2023-06-30;52,3;2025-06-24T09:00:04+00:00;DET;Détention par les non-résidents de la Dette Négociable de l'Etat (en %);Pourcentage de l'encours global de la dette négociable de l'Etat détenue par les non-résidents;Q;FR;Z9;1315;8;F;F33000;M;PC;1;0;E;P3M;FR2;F;A
DET.Q.FR.1315.F33000.M.Z9.8.F;2023-Q1;2023-01-01;2023-03-31;50,9;2024-12-02T09:40:32+00:00;DET;Détention par les non-résidents de la Dette Négociable de l'Etat (en %);Pourcentage de l'encours global de la dette négociable de l'Etat détenue par les non-résidents;Q;FR;Z9;1315;8;F;F33000;M;PC;1;0;E;P3M;FR2;F;A
DET.Q.FR.1315.F33000.M.Z9.8.F;2022-Q4;2022-10-01;2022-12-31;49,8;2025-06-24T09:00:04+00:00;DET;Détention par les non-résidents de la Dette Négociable de l'Etat (en %);Pourcentage de l'encours global de la dette négociable de l'Etat détenue par les non-résidents;Q;FR;Z9;1315;8;F;F33000;M;PC;1;0;E;P3M;FR2;F;A
DET.Q.FR.1315.F33000.M.Z9.8.F;2022-Q3;2022-07-01;2022-09-30;49,6;2025-06-24T09:00:04+00:00;DET;Détention par les non-résidents de la Dette Négociable de l'Etat (en %);Pourcentage de l'encours global de la dette négociable de l'Etat détenue par les non-résidents;Q;FR;Z9;1315;8;F;F33000;M;PC;1;0;E;P3M;FR2;F;A
DET.Q.FR.1315.F33000.M.Z9.8.F;2022-Q2;2022-04-01;2022-06-30;48,7;2025-06-24T09:00:04+00:00;DET;Détention par les non-résidents de la Dette Négociable de l'Etat (en %);Pourcentage de l'encours global de la dette négociable de l'Etat détenue par les non-résidents;Q;FR;Z9;1315;8;F;F33000;M;PC;1;0;E;P3M;FR2;F;A
DET.Q.FR.1315.F33000.M.Z9.8.F;2022-Q1;2022-01-01;2022-03-31;48,1;2024-12-02T09:40:32+00:00;DET;Détention par les non-résidents de la Dette Négociable de l'Etat (en %);Pourcentage de l'encours global de la dette négociable de l'Etat détenue par les non-résidents;Q;FR;Z9;1315;8;F;F33000;M;PC;1;0;E;P3M;FR2;F;A
DET.Q.FR.1315.F33000.M.Z9.8.F;2021-Q4;2021-10-01;2021-12-31;47,5;2024-12-02T09:40:32+00:00;DET;Détention par les non-résidents de la Dette Négociable de l'Etat (en %);Pourcentage de l'encours global de la dette négociable de l'Etat détenue par les non-résidents;Q;FR;Z9;1315;8;F;F33000;M;PC;1;0;E;P3M;FR2;F;A
DET.Q.FR.1315.F33000.M.Z9.8.F;2021-Q3;2021-07-01;2021-09-30;48,5;2024-12-02T09:40:32+00:00;DET;Détention par les non-résidents de la Dette Négociable de l'Etat (en %);Pourcentage de l'encours global de la dette négociable de l'Etat détenue par les non-résidents;Q;FR;Z9;1315;8;F;F33000;M;PC;1;0;E;P3M;FR2;F;A
DET.Q.FR.1315.F33000.M.Z9.8.F;2021-Q2;2021-04-01;2021-06-30;49,3;2024-12-02T09:40:32+00:00;DET;Détention par les non-résidents de la Dette Négociable de l'Etat (en %);Pourcentage de l'encours global de la dette négociable de l'Etat détenue par les non-résidents;Q;FR;Z9;1315;8;F;F33000;M;PC;1;0;E;P3M;FR2;F;A
DET.Q.FR.1315.F33000.M.Z9.8.F;2021-Q1;2021-01-01;2021-03-31;49,5;2024-12-02T09:40:32+00:00;DET;Détention par les non-résidents de la Dette Négociable de l'Etat (en %);Pourcentage de l'encours global de la dette négociable de l'Etat détenue par les non-résidents;Q;FR;Z9;1315;8;F;F33000;M;PC;1;0;E;P3M;FR2;F;A
DET.Q.FR.1315.F33000.M.Z9.8.F;2020-Q4;2020-10-01;2020-12-31;50,1;2024-12-02T09:40:32+00:00;DET;Détention par les non-résidents de la Dette Négociable de l'Etat (en %);Pourcentage de l'encours global de la dette négociable de l'Etat détenue par les non-résidents;Q;FR;Z9;1315;8;F;F33000;M;PC;1;0;E;P3M;FR2;F;A
DET.Q.FR.1315.F33000.M.Z9.8.F;2020-Q3;2020-07-01;2020-09-30;51,2;2024-12-02T09:40:32+00:00;DET;Détention par les non-résidents de la Dette Négociable de l'Etat (en %);Pourcentage de l'encours global de la dette négociable de l'Etat détenue par les non-résidents;Q;FR;Z9;1315;8;F;F33000;M;PC;1;0;E;P3M;FR2;F;A
DET.Q.FR.1315.F33000.M.Z9.8.F;2020-Q2;2020-04-01;2020-06-30;51,9;2024-12-02T09:40:32+00:00;DET;Détention par les non-résidents de la Dette Négociable de l'Etat (en %);Pourcentage de l'encours global de la dette négociable de l'Etat détenue par les non-résidents;Q;FR;Z9;1315;8;F;F33000;M;PC;1;0;E;P3M;FR2;F;A
DET.Q.FR.1315.F33000.M.Z9.8.F;2020-Q1;2020-01-01;2020-03-31;53,7;2024-12-02T09:40:32+00:00;DET;Détention par les non-résidents de la Dette Négociable de l'Etat (en %);Pourcentage de l'encours global de la dette négociable de l'Etat détenue par les non-résidents;Q;FR;Z9;1315;8;F;F33000;M;PC;1;0;E;P3M;FR2;F;A
DET.Q.FR.1315.F33000.M.Z9.8.F;2019-Q4;2019-10-01;2019-12-31;53,6;2024-12-02T09:40:32+00:00;DET;Détention par les non-résidents de la Dette Négociable de l'Etat (en %);Pourcentage de l'encours global de la dette négociable de l'Etat détenue par les non-résidents;Q;FR;Z9;1315;8;F;F33000;M;PC;1;0;E;P3M;FR2;F;A
DET.Q.FR.1315.F33000.M.Z9.8.F;2019-Q3;2019-07-01;2019-09-30;54,9;2024-12-02T09:40:32+00:00;DET;Détention par les non-résidents de la Dette Négociable de l'Etat (en %);Pourcentage de l'encours global de la dette négociable de l'Etat détenue par les non-résidents;Q;FR;Z9;1315;8;F;F33000;M;PC;1;0;E;P3M;FR2;F;A
DET.Q.FR.1315.F33000.M.Z9.8.F;2019-Q2;2019-04-01;2019-06-30;53,6;2024-12-02T09:40:32+00:00;DET;Détention par les non-résidents de la Dette Négociable de l'Etat (en %);Pourcentage de l'encours global de la dette négociable de l'Etat détenue par les non-résidents;Q;FR;Z9;1315;8;F;F33000;M;PC;1;0;E;P3M;FR2;F;A
DET.Q.FR.1315.F33000.M.Z9.8.F;2019-Q1;2019-01-01;2019-03-31;52,6;2024-12-02T09:40:32+00:00;DET;Détention par les non-résidents de la Dette Négociable de l'Etat (en %);Pourcentage de l'encours global de la dette négociable de l'Etat détenue par les non-résidents;Q;FR;Z9;1315;8;F;F33000;M;PC;1;0;E;P3M;FR2;F;A
DET.Q.FR.1315.F33000.M.Z9.8.F;2018-Q4;2018-10-01;2018-12-31;52,7;2024-12-02T09:40:32+00:00;DET;Détention par les non-résidents de la Dette Négociable de l'Etat (en %);Pourcentage de l'encours global de la dette négociable de l'Etat détenue par les non-résidents;Q;FR;Z9;1315;8;F;F33000;M;PC;1;0;E;P3M;FR2;F;A
DET.Q.FR.1315.F33000.M.Z9.8.F;2018-Q3;2018-07-01;2018-09-30;53,6;2024-12-02T09:40:32+00:00;DET;Détention par les non-résidents de la Dette Négociable de l'Etat (en %);Pourcentage de l'encours global de la dette négociable de l'Etat détenue par les non-résidents;Q;FR;Z9;1315;8;F;F33000;M;PC;1;0;E;P3M;FR2;F;A
DET.Q.FR.1315.F33000.M.Z9.8.F;2018-Q2;2018-04-01;2018-06-30;53,0;2024-12-02T09:40:32+00:00;DET;Détention par les non-résidents de la Dette Négociable de l'Etat (en %);Pourcentage de l'encours global de la dette négociable de l'Etat détenue par les non-résidents;Q;FR;Z9;1315;8;F;F33000;M;PC;1;0;E;P3M;FR2;F;A
DET.Q.FR.1315.F33000.M.Z9.8.F;2018-Q1;2018-01-01;2018-03-31;54,4;2024-12-02T09:40:32+00:00;DET;Détention par les non-résidents de la Dette Négociable de l'Etat (en %);Pourcentage de l'encours global de la dette négociable de l'Etat détenue par les non-résidents;Q;FR;Z9;1315;8;F;F33000;M;PC;1;0;E;P3M;FR2;F;A
DET.Q.FR.1315.F33000.M.Z9.8.F;2017-Q4;2017-10-01;2017-12-31;54,6;2024-12-02T09:40:32+00:00;DET;Détention par les non-résidents de la Dette Négociable de l'Etat (en %);Pourcentage de l'encours global de la dette négociable de l'Etat détenue par les non-résidents;Q;FR;Z9;1315;8;F;F33000;M;PC;1;0;E;P3M;FR2;F;A
DET.Q.FR.1315.F33000.M.Z9.8.F;2017-Q3;2017-07-01;2017-09-30;55,3;2024-12-02T09:40:32+00:00;DET;Détention par les non-résidents de la Dette Négociable de l'Etat (en %);Pourcentage de l'encours global de la dette négociable de l'Etat détenue par les non-résidents;Q;FR;Z9;1315;8;F;F33000;M;PC;1;0;E;P3M;FR2;F;A
DET.Q.FR.1315.F33000.M.Z9.8.F;2017-Q2;2017-04-01;2017-06-30;56,3;2024-12-02T09:40:32+00:00;DET;Détention par les non-résidents de la Dette Négociable de l'Etat (en %);Pourcentage de l'encours global de la dette négociable de l'Etat détenue par les non-résidents;Q;FR;Z9;1315;8;F;F33000;M;PC;1;0;E;P3M;FR2;F;A
DET.Q.FR.1315.F33000.M.Z9.8.F;2017-Q1;2017-01-01;2017-03-31;57,6;2024-12-02T09:40:32+00:00;DET;Détention par les non-résidents de la Dette Négociable de l'Etat (en %);Pourcentage de l'encours global de la dette négociable de l'Etat détenue par les non-résidents;Q;FR;Z9;1315;8;F;F33000;M;PC;1;0;E;P3M;FR2;F;A
DET.Q.FR.1315.F33000.M.Z9.8.F;2016-Q4;2016-10-01;2016-12-31;58,3;2024-12-02T09:40:32+00:00;DET;Détention par les non-résidents de la Dette Négociable de l'Etat (en %);Pourcentage de l'encours global de la dette négociable de l'Etat détenue par les non-résidents;Q;FR;Z9;1315;8;F;F33000;M;PC;1;0;E;P3M;FR2;F;A
DET.Q.FR.1315.F33000.M.Z9.8.F;2016-Q3;2016-07-01;2016-09-30;59,9;2024-12-02T09:40:32+00:00;DET;Détention par les non-résidents de la Dette Négociable de l'Etat (en %);Pourcentage de l'encours global de la dette négociable de l'Etat détenue par les non-résidents;Q;FR;Z9;1315;8;F;F33000;M;PC;1;0;E;P3M;FR2;F;A
DET.Q.FR.1315.F33000.M.Z9.8.F;2016-Q2;2016-04-01;2016-06-30;59,5;2024-12-02T09:40:32+00:00;DET;Détention par les non-résidents de la Dette Négociable de l'Etat (en %);Pourcentage de l'encours global de la dette négociable de l'Etat détenue par les non-résidents;Q;FR;Z9;1315;8;F;F33000;M;PC;1;0;E;P3M;FR2;F;A
DET.Q.FR.1315.F33000.M.Z9.8.F;2016-Q1;2016-01-01;2016-03-31;61,0;2024-12-02T09:40:32+00:00;DET;Détention par les non-résidents de la Dette Négociable de l'Etat (en %);Pourcentage de l'encours global de la dette négociable de l'Etat détenue par les non-résidents;Q;FR;Z9;1315;8;F;F33000;M;PC;1;0;E;P3M;FR2;F;A
DET.Q.FR.1315.F33000.M.Z9.8.F;2015-Q4;2015-10-01;2015-12-31;61,9;2024-12-02T09:40:32+00:00;DET;Détention par les non-résidents de la Dette Négociable de l'Etat (en %);Pourcentage de l'encours global de la dette négociable de l'Etat détenue par les non-résidents;Q;FR;Z9;1315;8;F;F33000;M;PC;1;0;E;P3M;FR2;F;A
DET.Q.FR.1315.F33000.M.Z9.8.F;2015-Q3;2015-07-01;2015-09-30;62,8;2024-12-02T09:40:32+00:00;DET;Détention par les non-résidents de la Dette Négociable de l'Etat (en %);Pourcentage de l'encours global de la dette négociable de l'Etat détenue par les non-résidents;Q;FR;Z9;1315;8;F;F33000;M;PC;1;0;E;P3M;FR2;F;A
DET.Q.FR.1315.F33000.M.Z9.8.F;2015-Q2;2015-04-01;2015-06-30;63,4;2024-12-02T09:40:32+00:00;DET;Détention par les non-résidents de la Dette Négociable de l'Etat (en %);Pourcentage de l'encours global de la dette négociable de l'Etat détenue par les non-résidents;Q;FR;Z9;1315;8;F;F33000;M;PC;1;0;E;P3M;FR2;F;A
DET.Q.FR.1315.F33000.M.Z9.8.F;2015-Q1;2015-01-01;2015-03-31;63,9;2024-12-02T09:40:32+00:00;DET;Détention par les non-résidents de la Dette Négociable de l'Etat (en %);Pourcentage de l'encours global de la dette négociable de l'Etat détenue par les non-résidents;Q;FR;Z9;1315;8;F;F33000;M;PC;1;0;E;P3M;FR2;F;A
DET.Q.FR.1315.F33000.M.Z9.8.F;2014-Q4;2014-10-01;2014-12-31;63,6;2024-12-02T09:40:32+00:00;DET;Détention par les non-résidents de la Dette Négociable de l'Etat (en %);Pourcentage de l'encours global de la dette négociable de l'Etat détenue par les non-résidents;Q;FR;Z9;1315;8;F;F33000;M;PC;1;0;E;P3M;FR2;F;A
DET.Q.FR.1315.F33000.M.Z9.8.F;2014-Q3;2014-07-01;2014-09-30;63,2;2024-12-02T09:40:32+00:00;DET;Détention par les non-résidents de la Dette Négociable de l'Etat (en %);Pourcentage de l'encours global de la dette négociable de l'Etat détenue par les non-résidents;Q;FR;Z9;1315;8;F;F33000;M;PC;1;0;E;P3M;FR2;F;A
DET.Q.FR.1315.F33000.M.Z9.8.F;2014-Q2;2014-04-01;2014-06-30;64,1;2024-12-02T09:40:32+00:00;DET;Détention par les non-résidents de la Dette Négociable de l'Etat (en %);Pourcentage de l'encours global de la dette négociable de l'Etat détenue par les non-résidents;Q;FR;Z9;1315;8;F;F33000;M;PC;1;0;E;P3M;FR2;F;A
DET.Q.FR.1315.F33000.M.Z9.8.F;2014-Q1;2014-01-01;2014-03-31;64,2;2024-12-02T09:40:32+00:00;DET;Détention par les non-résidents de la Dette Négociable de l'Etat (en %);Pourcentage de l'encours global de la dette négociable de l'Etat détenue par les non-résidents;Q;FR;Z9;1315;8;F;F33000;M;PC;1;0;E;P3M;FR2;F;A
DET.Q.FR.1315.F33000.M.Z9.8.F;2013-Q4;2013-10-01;2013-12-31;63,5;2024-12-02T09:40:32+00:00;DET;Détention par les non-résidents de la Dette Négociable de l'Etat (en %);Pourcentage de l'encours global de la dette négociable de l'Etat détenue par les non-résidents;Q;FR;Z9;1315;8;F;F33000;M;PC;1;0;E;P3M;FR2;F;A
DET.Q.FR.1315.F33000.M.Z9.8.F;2013-Q3;2013-07-01;2013-09-30;64,1;2024-12-02T09:40:32+00:00;DET;Détention par les non-résidents de la Dette Négociable de l'Etat (en %);Pourcentage de l'encours global de la dette négociable de l'Etat détenue par les non-résidents;Q;FR;Z9;1315;8;F;F33000;M;PC;1;0;E;P3M;FR2;F;A
DET.Q.FR.1315.F33000.M.Z9.8.F;2013-Q2;2013-04-01;2013-06-30;62,8;2024-12-02T09:40:32+00:00;DET;Détention par les non-résidents de la Dette Négociable de l'Etat (en %);Pourcentage de l'encours global de la dette négociable de l'Etat détenue par les non-résidents;Q;FR;Z9;1315;8;F;F33000;M;PC;1;0;E;P3M;FR2;F;A
DET.Q.FR.1315.F33000.M.Z9.8.F;2013-Q1;2013-01-01;2013-03-31;61,3;2024-12-02T09:40:32+00:00;DET;Détention par les non-résidents de la Dette Négociable de l'Etat (en %);Pourcentage de l'encours global de la dette négociable de l'Etat détenue par les non-résidents;Q;FR;Z9;1315;8;F;F33000;M;PC;1;0;E;P3M;FR2;F;A
DET.Q.FR.1315.F33000.M.Z9.8.F;2012-Q4;2012-10-01;2012-12-31;61,9;2024-12-02T09:40:32+00:00;DET;Détention par les non-résidents de la Dette Négociable de l'Etat (en %);Pourcentage de l'encours global de la dette négociable de l'Etat détenue par les non-résidents;Q;FR;Z9;1315;8;F;F33000;M;PC;1;0;E;P3M;FR2;F;A
DET.Q.FR.1315.F33000.M.Z9.8.F;2012-Q3;2012-07-01;2012-09-30;62,7;2024-12-02T09:40:32+00:00;DET;Détention par les non-résidents de la Dette Négociable de l'Etat (en %);Pourcentage de l'encours global de la dette négociable de l'Etat détenue par les non-résidents;Q;FR;Z9;1315;8;F;F33000;M;PC;1;0;E;P3M;FR2;F;A
DET.Q.FR.1315.F33000.M.Z9.8.F;2012-Q2;2012-04-01;2012-06-30;63,9;2024-12-02T09:40:32+00:00;DET;Détention par les non-résidents de la Dette Négociable de l'Etat (en %);Pourcentage de l'encours global de la dette négociable de l'Etat détenue par les non-résidents;Q;FR;Z9;1315;8;F;F33000;M;PC;1;0;E;P3M;FR2;F;A
DET.Q.FR.1315.F33000.M.Z9.8.F;2012-Q1;2012-01-01;2012-03-31;63,5;2024-12-02T09:40:32+00:00;DET;Détention par les non-résidents de la Dette Négociable de l'Etat (en %);Pourcentage de l'encours global de la dette négociable de l'Etat détenue par les non-résidents;Q;FR;Z9;1315;8;F;F33000;M;PC;1;0;E;P3M;FR2;F;A
DET.Q.FR.1315.F33000.M.Z9.8.F;2011-Q4;2011-10-01;2011-12-31;64,0;2024-12-02T09:40:32+00:00;DET;Détention par les non-résidents de la Dette Négociable de l'Etat (en %);Pourcentage de l'encours global de la dette négociable de l'Etat détenue par les non-résidents;Q;FR;Z9;1315;8;F;F33000;M;PC;1;0;E;P3M;FR2;F;A
DET.Q.FR.1315.F33000.M.Z9.8.F;2011-Q3;2011-07-01;2011-09-30;65,9;2024-12-02T09:40:32+00:00;DET;Détention par les non-résidents de la Dette Négociable de l'Etat (en %);Pourcentage de l'encours global de la dette négociable de l'Etat détenue par les non-résidents;Q;FR;Z9;1315;8;F;F33000;M;PC;1;0;E;P3M;FR2;F;A
DET.Q.FR.1315.F33000.M.Z9.8.F;2011-Q2;2011-04-01;2011-06-30;65,4;2024-12-02T09:40:32+00:00;DET;Détention par les non-résidents de la Dette Négociable de l'Etat (en %);Pourcentage de l'encours global de la dette négociable de l'Etat détenue par les non-résidents;Q;FR;Z9;1315;8;F;F33000;M;PC;1;0;E;P3M;FR2;F;A
DET.Q.FR.1315.F33000.M.Z9.8.F;2011-Q1;2011-01-01;2011-03-31;64,4;2024-12-02T09:40:32+00:00;DET;Détention par les non-résidents de la Dette Négociable de l'Etat (en %);Pourcentage de l'encours global de la dette négociable de l'Etat détenue par les non-résidents;Q;FR;Z9;1315;8;F;F33000;M;PC;1;0;E;P3M;FR2;F;A
DET.Q.FR.1315.F33000.M.Z9.8.F;2010-Q4;2010-10-01;2010-12-31;67,0;2024-12-02T09:40:32+00:00;DET;Détention par les non-résidents de la Dette Négociable de l'Etat (en %);Pourcentage de l'encours global de la dette négociable de l'Etat détenue par les non-résidents;Q;FR;Z9;1315;8;F;F33000;M;PC;1;0;E;P3M;FR2;F;A
DET.Q.FR.1315.F33000.M.Z9.8.F;2010-Q3;2010-07-01;2010-09-30;67,7;2024-12-02T09:40:32+00:00;DET;Détention par les non-résidents de la Dette Négociable de l'Etat (en %);Pourcentage de l'encours global de la dette négociable de l'Etat détenue par les non-résidents;Q;FR;Z9;1315;8;F;F33000;M;PC;1;0;E;P3M;FR2;F;A
DET.Q.FR.1315.F33000.M.Z9.8.F;2010-Q2;2010-04-01;2010-06-30;70,6;2024-12-02T09:40:32+00:00;DET;Détention par les non-résidents de la Dette Négociable de l'Etat (en %);Pourcentage de l'encours global de la dette négociable de l'Etat détenue par les non-résidents;Q;FR;Z9;1315;8;F;F33000;M;PC;1;0;E;P3M;FR2;F;A
DET.Q.FR.1315.F33000.M.Z9.8.F;2010-Q1;2010-01-01;2010-03-31;69,3;2024-12-02T09:40:32+00:00;DET;Détention par les non-résidents de la Dette Négociable de l'Etat (en %);Pourcentage de l'encours global de la dette négociable de l'Etat détenue par les non-résidents;Q;FR;Z9;1315;8;F;F33000;M;PC;1;0;E;P3M;FR2;F;A
DET.Q.FR.1315.F33000.M.Z9.8.F;2009-Q4;2009-10-01;2009-12-31;67,8;2024-12-02T09:40:32+00:00;DET;Détention par les non-résidents de la Dette Négociable de l'Etat (en %);Pourcentage de l'encours global de la dette négociable de l'Etat détenue par les non-résidents;Q;FR;Z9;1315;8;F;F33000;M;PC;1;0;E;P3M;FR2;F;A
DET.Q.FR.1315.F33000.M.Z9.8.F;2009-Q3;2009-07-01;2009-09-30;66,2;2024-12-02T09:40:32+00:00;DET;Détention par les non-résidents de la Dette Négociable de l'Etat (en %);Pourcentage de l'encours global de la dette négociable de l'Etat détenue par les non-résidents;Q;FR;Z9;1315;8;F;F33000;M;PC;1;0;E;P3M;FR2;F;A
DET.Q.FR.1315.F33000.M.Z9.8.F;2009-Q2;2009-04-01;2009-06-30;65,2;2024-12-02T09:40:32+00:00;DET;Détention par les non-résidents de la Dette Négociable de l'Etat (en %);Pourcentage de l'encours global de la dette négociable de l'Etat détenue par les non-résidents;Q;FR;Z9;1315;8;F;F33000;M;PC;1;0;E;P3M;FR2;F;A
DET.Q.FR.1315.F33000.M.Z9.8.F;2009-Q1;2009-01-01;2009-03-31;64,3;2024-12-02T09:40:32+00:00;DET;Détention par les non-résidents de la Dette Négociable de l'Etat (en %);Pourcentage de l'encours global de la dette négociable de l'Etat détenue par les non-résidents;Q;FR;Z9;1315;8;F;F33000;M;PC;1;0;E;P3M;FR2;F;A
DET.Q.FR.1315.F33000.M.Z9.8.F;2008-Q4;2008-10-01;2008-12-31;64,1;2024-12-02T09:40:32+00:00;DET;Détention par les non-résidents de la Dette Négociable de l'Etat (en %);Pourcentage de l'encours global de la dette négociable de l'Etat détenue par les non-résidents;Q;FR;Z9;1315;8;F;F33000;M;PC;1;0;E;P3M;FR2;F;A
DET.Q.FR.1315.F33000.M.Z9.8.F;2008-Q3;2008-07-01;2008-09-30;63,5;2024-12-02T09:40:32+00:00;DET;Détention par les non-résidents de la Dette Négociable de l'Etat (en %);Pourcentage de l'encours global de la dette négociable de l'Etat détenue par les non-résidents;Q;FR;Z9;1315;8;F;F33000;M;PC;1;0;E;P3M;FR2;F;A
DET.Q.FR.1315.F33000.M.Z9.8.F;2008-Q2;2008-04-01;2008-06-30;61,6;2024-12-02T09:40:32+00:00;DET;Détention par les non-résidents de la Dette Négociable de l'Etat (en %);Pourcentage de l'encours global de la dette négociable de l'Etat détenue par les non-résidents;Q;FR;Z9;1315;8;F;F33000;M;PC;1;0;E;P3M;FR2;F;A
DET.Q.FR.1315.F33000.M.Z9.8.F;2008-Q1;2008-01-01;2008-03-31;60,5;2024-12-02T09:40:32+00:00;DET;Détention par les non-résidents de la Dette Négociable de l'Etat (en %);Pourcentage de l'encours global de la dette négociable de l'Etat détenue par les non-résidents;Q;FR;Z9;1315;8;F;F33000;M;PC;1;0;E;P3M;FR2;F;A
DET.Q.FR.1315.F33000.M.Z9.8.F;2007-Q4;2007-10-01;2007-12-31;60,5;2024-12-02T09:40:32+00:00;DET;Détention par les non-résidents de la Dette Négociable de l'Etat (en %);Pourcentage de l'encours global de la dette négociable de l'Etat détenue par les non-résidents;Q;FR;Z9;1315;8;F;F33000;M;PC;1;0;E;P3M;FR2;F;A
DET.Q.FR.1315.F33000.M.Z9.8.F;2007-Q3;2007-07-01;2007-09-30;58,4;2024-12-02T09:40:32+00:00;DET;Détention par les non-résidents de la Dette Négociable de l'Etat (en %);Pourcentage de l'encours global de la dette négociable de l'Etat détenue par les non-résidents;Q;FR;Z9;1315;8;F;F33000;M;PC;1;0;E;P3M;FR2;F;A
DET.Q.FR.1315.F33000.M.Z9.8.F;2007-Q2;2007-04-01;2007-06-30;59,7;2024-12-02T09:40:32+00:00;DET;Détention par les non-résidents de la Dette Négociable de l'Etat (en %);Pourcentage de l'encours global de la dette négociable de l'Etat détenue par les non-résidents;Q;FR;Z9;1315;8;F;F33000;M;PC;1;0;E;P3M;FR2;F;A
DET.Q.FR.1315.F33000.M.Z9.8.F;2007-Q1;2007-01-01;2007-03-31;59,0;2024-12-02T09:40:32+00:00;DET;Détention par les non-résidents de la Dette Négociable de l'Etat (en %);Pourcentage de l'encours global de la dette négociable de l'Etat détenue par les non-résidents;Q;FR;Z9;1315;8;F;F33000;M;PC;1;0;E;P3M;FR2;F;A
DET.Q.FR.1315.F33000.M.Z9.8.F;2006-Q4;2006-10-01;2006-12-31;59,0;2024-12-02T09:40:32+00:00;DET;Détention par les non-résidents de la Dette Négociable de l'Etat (en %);Pourcentage de l'encours global de la dette négociable de l'Etat détenue par les non-résidents;Q;FR;Z9;1315;8;F;F33000;M;PC;1;0;E;P3M;FR2;F;A
DET.Q.FR.1315.F33000.M.Z9.8.F;2006-Q3;2006-07-01;2006-09-30;57,7;2024-12-02T09:40:32+00:00;DET;Détention par les non-résidents de la Dette Négociable de l'Etat (en %);Pourcentage de l'encours global de la dette négociable de l'Etat détenue par les non-résidents;Q;FR;Z9;1315;8;F;F33000;M;PC;1;0;E;P3M;FR2;F;A
DET.Q.FR.1315.F33000.M.Z9.8.F;2006-Q2;2006-04-01;2006-06-30;57,5;2024-12-02T09:40:32+00:00;DET;Détention par les non-résidents de la Dette Négociable de l'Etat (en %);Pourcentage de l'encours global de la dette négociable de l'Etat détenue par les non-résidents;Q;FR;Z9;1315;8;F;F33000;M;PC;1;0;E;P3M;FR2;F;A
DET.Q.FR.1315.F33000.M.Z9.8.F;2006-Q1;2006-01-01;2006-03-31;56,7;2024-12-02T09:40:32+00:00;DET;Détention par les non-résidents de la Dette Négociable de l'Etat (en %);Pourcentage de l'encours global de la dette négociable de l'Etat détenue par les non-résidents;Q;FR;Z9;1315;8;F;F33000;M;PC;1;0;E;P3M;FR2;F;A
DET.Q.FR.1315.F33000.M.Z9.8.F;2005-Q4;2005-10-01;2005-12-31;56,5;2024-12-02T09:40:32+00:00;DET;Détention par les non-résidents de la Dette Négociable de l'Etat (en %);Pourcentage de l'encours global de la dette négociable de l'Etat détenue par les non-résidents;Q;FR;Z9;1315;8;F;F33000;M;PC;1;0;E;P3M;FR2;F;A
DET.Q.FR.1315.F33000.M.Z9.8.F;2005-Q3;2005-07-01;2005-09-30;54,5;2024-12-02T09:40:32+00:00;DET;Détention par les non-résidents de la Dette Négociable de l'Etat (en %);Pourcentage de l'encours global de la dette négociable de l'Etat détenue par les non-résidents;Q;FR;Z9;1315;8;F;F33000;M;PC;1;0;E;P3M;FR2;F;A
DET.Q.FR.1315.F33000.M.Z9.8.F;2005-Q2;2005-04-01;2005-06-30;53,4;2024-12-02T09:40:32+00:00;DET;Détention par les non-résidents de la Dette Négociable de l'Etat (en %);Pourcentage de l'encours global de la dette négociable de l'Etat détenue par les non-résidents;Q;FR;Z9;1315;8;F;F33000;M;PC;1;0;E;P3M;FR2;F;A
DET.Q.FR.1315.F33000.M.Z9.8.F;2005-Q1;2005-01-01;2005-03-31;52,1;2024-12-02T09:40:32+00:00;DET;Détention par les non-résidents de la Dette Négociable de l'Etat (en %);Pourcentage de l'encours global de la dette négociable de l'Etat détenue par les non-résidents;Q;FR;Z9;1315;8;F;F33000;M;PC;1;0;E;P3M;FR2;F;A
DET.Q.FR.1315.F33000.M.Z9.8.F;2004-Q4;2004-10-01;2004-12-31;52,7;2024-12-02T09:40:32+00:00;DET;Détention par les non-résidents de la Dette Négociable de l'Etat (en %);Pourcentage de l'encours global de la dette négociable de l'Etat détenue par les non-résidents;Q;FR;Z9;1315;8;F;F33000;M;PC;1;0;E;P3M;FR2;F;A
DET.Q.FR.1315.F33000.M.Z9.8.F;2004-Q3;2004-07-01;2004-09-30;51,4;2024-12-02T09:40:32+00:00;DET;Détention par les non-résidents de la Dette Négociable de l'Etat (en %);Pourcentage de l'encours global de la dette négociable de l'Etat détenue par les non-résidents;Q;FR;Z9;1315;8;F;F33000;M;PC;1;0;E;P3M;FR2;F;A
DET.Q.FR.1315.F33000.M.Z9.8.F;2004-Q2;2004-04-01;2004-06-30;50,8;2024-12-02T09:40:32+00:00;DET;Détention par les non-résidents de la Dette Négociable de l'Etat (en %);Pourcentage de l'encours global de la dette négociable de l'Etat détenue par les non-résidents;Q;FR;Z9;1315;8;F;F33000;M;PC;1;0;E;P3M;FR2;F;A
DET.Q.FR.1315.F33000.M.Z9.8.F;2004-Q1;2004-01-01;2004-03-31;49,6;2024-12-02T09:40:32+00:00;DET;Détention par les non-résidents de la Dette Négociable de l'Etat (en %);Pourcentage de l'encours global de la dette négociable de l'Etat détenue par les non-résidents;Q;FR;Z9;1315;8;F;F33000;M;PC;1;0;E;P3M;FR2;F;A
DET.Q.FR.1315.F33000.M.Z9.8.F;2003-Q4;2003-10-01;2003-12-31;48,0;2024-12-02T09:40:32+00:00;DET;Détention par les non-résidents de la Dette Négociable de l'Etat (en %);Pourcentage de l'encours global de la dette négociable de l'Etat détenue par les non-résidents;Q;FR;Z9;1315;8;F;F33000;M;PC;1;0;E;P3M;FR2;F;A
DET.Q.FR.1315.F33000.M.Z9.8.F;2003-Q3;2003-07-01;2003-09-30;44,8;2024-12-02T09:40:32+00:00;DET;Détention par les non-résidents de la Dette Négociable de l'Etat (en %);Pourcentage de l'encours global de la dette négociable de l'Etat détenue par les non-résidents;Q;FR;Z9;1315;8;F;F33000;M;PC;1;0;E;P3M;FR2;F;A
DET.Q.FR.1315.F33000.M.Z9.8.F;2003-Q2;2003-04-01;2003-06-30;44,3;2024-12-02T09:40:32+00:00;DET;Détention par les non-résidents de la Dette Négociable de l'Etat (en %);Pourcentage de l'encours global de la dette négociable de l'Etat détenue par les non-résidents;Q;FR;Z9;1315;8;F;F33000;M;PC;1;0;E;P3M;FR2;F;A
DET.Q.FR.1315.F33000.M.Z9.8.F;2003-Q1;2003-01-01;2003-03-31;44,8;2024-12-02T09:40:32+00:00;DET;Détention par les non-résidents de la Dette Négociable de l'Etat (en %);Pourcentage de l'encours global de la dette négociable de l'Etat détenue par les non-résidents;Q;FR;Z9;1315;8;F;F33000;M;PC;1;0;E;P3M;FR2;F;A
DET.Q.FR.1315.F33000.M.Z9.8.F;2002-Q4;2002-10-01;2002-12-31;41,9;2024-12-02T09:40:32+00:00;DET;Détention par les non-résidents de la Dette Négociable de l'Etat (en %);Pourcentage de l'encours global de la dette négociable de l'Etat détenue par les non-résidents;Q;FR;Z9;1315;8;F;F33000;M;PC;1;0;E;P3M;FR2;F;A
DET.Q.FR.1315.F33000.M.Z9.8.F;2002-Q3;2002-07-01;2002-09-30;40,2;2024-12-02T09:40:32+00:00;DET;Détention par les non-résidents de la Dette Négociable de l'Etat (en %);Pourcentage de l'encours global de la dette négociable de l'Etat détenue par les non-résidents;Q;FR;Z9;1315;8;F;F33000;M;PC;1;0;E;P3M;FR2;F;A
DET.Q.FR.1315.F33000.M.Z9.8.F;2002-Q2;2002-04-01;2002-06-30;39,6;2024-12-02T09:40:32+00:00;DET;Détention par les non-résidents de la Dette Négociable de l'Etat (en %);Pourcentage de l'encours global de la dette négociable de l'Etat détenue par les non-résidents;Q;FR;Z9;1315;8;F;F33000;M;PC;1;0;E;P3M;FR2;F;A
DET.Q.FR.1315.F33000.M.Z9.8.F;2002-Q1;2002-01-01;2002-03-31;38,4;2024-12-02T09:40:32+00:00;DET;Détention par les non-résidents de la Dette Négociable de l'Etat (en %);Pourcentage de l'encours global de la dette négociable de l'Etat détenue par les non-résidents;Q;FR;Z9;1315;8;F;F33000;M;PC;1;0;E;P3M;FR2;F;A
DET.Q.FR.1315.F33000.M.Z9.8.F;2001-Q4;2001-10-01;2001-12-31;38,4;2024-12-02T09:40:32+00:00;DET;Détention par les non-résidents de la Dette Négociable de l'Etat (en %);Pourcentage de l'encours global de la dette négociable de l'Etat détenue par les non-résidents;Q;FR;Z9;1315;8;F;F33000;M;PC;1;0;E;P3M;FR2;F;A
DET.Q.FR.1315.F33000.M.Z9.8.F;2001-Q3;2001-07-01;2001-09-30;35,9;2024-12-02T09:40:32+00:00;DET;Détention par les non-résidents de la Dette Négociable de l'Etat (en %);Pourcentage de l'encours global de la dette négociable de l'Etat détenue par les non-résidents;Q;FR;Z9;1315;8;F;F33000;M;PC;1;0;E;P3M;FR2;F;A
DET.Q.FR.1315.F33000.M.Z9.8.F;2001-Q2;2001-04-01;2001-06-30;35,4;2024-12-02T09:40:32+00:00;DET;Détention par les non-résidents de la Dette Négociable de l'Etat (en %);Pourcentage de l'encours global de la dette négociable de l'Etat détenue par les non-résidents;Q;FR;Z9;1315;8;F;F33000;M;PC;1;0;E;P3M;FR2;F;A
DET.Q.FR.1315.F33000.M.Z9.8.F;2001-Q1;2001-01-01;2001-03-31;35,1;2024-12-02T09:40:32+00:00;DET;Détention par les non-résidents de la Dette Négociable de l'Etat (en %);Pourcentage de l'encours global de la dette négociable de l'Etat détenue par les non-résidents;Q;FR;Z9;1315;8;F;F33000;M;PC;1;0;E;P3M;FR2;F;A
DET.Q.FR.1315.F33000.M.Z9.8.F;2000-Q4;2000-10-01;2000-12-31;33,7;2024-12-02T09:40:32+00:00;DET;Détention par les non-résidents de la Dette Négociable de l'Etat (en %);Pourcentage de l'encours global de la dette négociable de l'Etat détenue par les non-résidents;Q;FR;Z9;1315;8;F;F33000;M;PC;1;0;E;P3M;FR2;F;A
DET.Q.FR.1315.F33000.M.Z9.8.F;2000-Q3;2000-07-01;2000-09-30;31,5;2024-12-02T09:40:32+00:00;DET;Détention par les non-résidents de la Dette Négociable de l'Etat (en %);Pourcentage de l'encours global de la dette négociable de l'Etat détenue par les non-résidents;Q;FR;Z9;1315;8;F;F33000;M;PC;1;0;E;P3M;FR2;F;A
DET.Q.FR.1315.F33000.M.Z9.8.F;2000-Q2;2000-04-01;2000-06-30;30,7;2024-12-02T09:40:32+00:00;DET;Détention par les non-résidents de la Dette Négociable de l'Etat (en %);Pourcentage de l'encours global de la dette négociable de l'Etat détenue par les non-résidents;Q;FR;Z9;1315;8;F;F33000;M;PC;1;0;E;P3M;FR2;F;A
DET.Q.FR.1315.F33000.M.Z9.8.F;2000-Q1;2000-01-01;2000-03-31;28,6;2024-12-02T09:40:32+00:00;DET;Détention par les non-résidents de la Dette Négociable de l'Etat (en %);Pourcentage de l'encours global de la dette négociable de l'Etat détenue par les non-résidents;Q;FR;Z9;1315;8;F;F33000;M;PC;1;0;E;P3M;FR2;F;A
DET.Q.FR.1315.F33000.M.Z9.8.F;1999-Q4;1999-10-01;1999-12-31;28,0;2024-12-02T09:40:32+00:00;DET;Détention par les non-résidents de la Dette Négociable de l'Etat (en %);Pourcentage de l'encours global de la dette négociable de l'Etat détenue par les non-résidents;Q;FR;Z9;1315;8;F;F33000;M;PC;1;0;E;P3M;FR2;F;A
